SHA-256(Certificate)	CA Name
001686CD181F83A1B1217D305B365C41E3470A78A1D37B134A98CD547B92DAB3	C=US, O=Network Solutions L.L.C., CN=Network Solutions Certificate Authority
007E452FD5CF838946696DFE37A2DB2EF3991436D27BCBAB45922053C15A87A8	C=SI, O=POSTA, OU=POSTArCA
00AB444ABD6BDBA33DA8DE569AC4ECDE326D1BE1A61442D5EEC3975A0C243F04	C=ES, O=Agencia Notarial de Certificacion S.L. Unipersonal - CIF B83395988, CN=ANCERT Certificados Notariales
00F12C1ECFE26D34A28FC6BF9FB35085302C7D53A9AC3588ED7CD86C9C7423AA	C=HU, L=Budapest, O=NETLOCK Kft., CN=NETLOCK Root ECC CA, organizationIdentifier=VATHU-12201521
016E1DCD5F78841BBEBBAE9DDEA08C8D7EC54E698E95BB778ECDD1E10D8BF4F9	C=BE, O=ZETES SA (VATBE-0408425626), serialNumber=001, CN=ZETES TSP ROOT CA 001
01A1A03E1F3DD7ED3CCADAE4D668B4446065DDF3B2DCF05D1DAFFDB2591B3838	C=GB, O=Sectigo Limited, CN=Sectigo Public Document Signing Root E46
020786539F02B623CFDF325B2E4E45E0D9E3F1B8E5EC9600EBF0AC8FBF03FBE2	C=ES, O=FNMT-RCM, organizationIdentifier=VATES-Q2826004J, CN=AC RAIZ FNMT-RCM G2
02BDF96E2A45DD9BF18FC7E1DBDF21A0379BA3C9C2610344CFD8D606FEC1ED81	C=US, O=CommScope, CN=CommScope Public Trust RSA Root-01
03458B6ABEECC214953D97149AF45391691DE9F9CDCC2647863A3D67C95C243B	C=US, O=Wells Fargo, OU=Wells Fargo Certification Authority, CN=Wells Fargo Root Certificate Authority
0378B202CCABBA99A12E569A11A077DB1EDB39482061C75D0073059D9AB5B513	C=KR, O=Government of Korea, OU=GPKI, CN=Root CA
03950FB49A531F3E1991942398DFA9E0EA32D7BA1CDD9BC85DB57ED9400B434A	CN=ACEDICOM Root, OU=PKI, O=EDICOM, C=ES
041C6215F8DF4137DF0F3FC23A0009B46E75AC4619F811727076BAA8FE5008C9	C=IT, O=Actalis S.p.A., CN=Actalis Code Signing RSA Root CA 2025
04ACFB3B24793F300F67EF87E44DD72CB9B28B204F389A7CD5AE28785C7D42CD	C=us, O=U.S. Government, OU=FBCA, CN=Common Policy
04F1BEC36951BC1454A904CE32890C5DA3CDE1356B7900F6E62DFA2041EBAD51	C=ES, ST=MADRID, L=MADRID, OU=see current address at www.camerfirma.com/address, OU=CHAMBERS OF COMMERCE ROOT - 2016, serialNumber=A82743287, organizationIdentifier=VATES-A82743287, O=AC CAMERFIRMA S.A., CN=CHAMBERS OF COMMERCE ROOT - 2016
0536801FBB443B3E905FD6D70D8C81EB88551BE8061299110D2B4F82E64CADE1	C=LT, O=VI Registru Centras - I.k. 124110246, OU=Registru Centro Sertifikavimo Centras, CN=VI Registru Centras RCSC (RootCA)
058A40323EC8C46262C3052A5D357B91AC24D3DA26351B3FF4407E99F7A4E9B4	C=BE, O=Certipost s.a./n.v., CN=Certipost E-Trust Primary Qualified CA
05D38C2A70BFC500CCB0CB509159B46B065C6AC9CB42D2E6F16167841434572A	C=DE, O=DATEV eG, CN=CA DATEV STD 02
05F82DE4B4A9ED4B7CD1F3ACE9B73BD6DB69D87816DD3847195CF737ED2951E7	C=CN, O=TrustAsia Technologies, Inc., CN=TrustAsia Global Root CA G1
063E4AFAC491DFD332F3089B8542E94617D893D7FE944E10A7937EE29D9693C0	C=EU, L=Madrid (see current address at www.camerfirma.com/address), serialNumber=A82743287, O=AC Camerfirma S.A., CN=Chambers of Commerce Root - 2008
0687260331A72403D909F105E69BCF0D32E1BD2493FFC6D9206D11BCD6770739	O=Digital Signature Trust Co., CN=DST Root CA X3
068E6FD440D2219D8BC2378255A8B603EFBA35DF5A41EA885A7D83C6FE7D3A90	C=US, O=IdenTrust, CN=IdenTrust TLS ECC Root CA 1
06DB3AF2DB7BAEE00C03B9578288BBDE541D906EB0069327413295FFB486008E	C=JP, O=LGPKI, OU=Application CA G2
07453D53793BF41819A5251C69F88E2BB344B59CA828B5A543781599EAF3D602	C=IE, O=An Post, OU=Post.Trust Ltd., CN=Post.Trust Root CA
0753E940378C1BD5E3836E395DAEA5CB839E5046F1BD0EAE1951CF10FEC7C965	C=PA, ST=Panama, L=Panama City, O=TrustCor Systems S. de R.L., OU=TrustCor Certificate Authority, CN=TrustCor RootCert CA-2
075BFCCA2D55AE6E35742C32AFD0CA8EA4C958FEEFC23224999541C033D69C8D	C=IL, O=PersonalID Ltd., OU=Certificate Services, CN=PersonalID Trustworthy RootCA 2011
0771920C8CB874D5C5A4DC0D6A51A2D495D38C4DE2CD5B83D2A06FAA051935F6	C=CN, O=CFCA GT CA
077FA865F812472A5D9249BE8B1C777CEE47A99589FB01809B4327D07446E3D6	C=US, L=New York, O=Ackaia Corporation, OU=www.ackaia.com/trustid, CN=Ackaia Root CA
0783D68C14CFE5EB1EAFDA2AA984B7E3A4B8BAB000092D2BA02F73757558FDFD	C=GB, O=Sectigo Limited, CN=Sectigo Public BIMI Root R49
0791529BB8DED6D1CF7A48683275668F858B5A01101A335BC7722AE37B743F36	C=AE, O=UAE Government, CN=UAE Global Root CA G4
0791CA0749B20782AAD3C7D7BD0CDFC9485835843EB2D7996009CE43AB6C6927	C=SE, O=AddTrust AB, OU=AddTrust TTP Network, CN=AddTrust Public CA Root
0798ED5ABF247A81D4B2D294BF090A64EB09429D6B53B636F74C658D2B0FAA2F	CN=BSRE CA SSL G1, O=Balai Sertifikasi Elektronik, C=ID
08297A4047DBA23680C731DB6E317653CA7848E1BEBD3A0B0179A707F92CF178	C=US, O=Equifax, OU=Equifax Secure Certificate Authority
08EF47A61F8D33B37B429FE3127B59F645E3BA4A82470F8380FFB21FDD3B2131	C=PL, O=Asseco Data Systems S.A., CN=Certum SMIME RSA Root CA
08FC942D5176E568ACBEF9C595F36A20DE6ACF9EA30C6F5FCEDD48216ED5B070	C=BR, O=ICP-Brasil, OU=Autoridade Certificadora Raiz Brasileira v10, CN=Autoridade Certificadora do SERPRO SSLv1
0A3B474D9032A10E6E6CD8BF0A873E60657ECF326E7723AEFCD58A1A242C3326	C=BR, O=Serasa S.A., OU=Serasa CA I, CN=Serasa Certificate Authority I
0A9A4013AFC05650945CCA63B92A6B265857CF403403DEA52E0E68CC4E1BF574	C=AE, O=UAE Government, CN=UAE Global Root CA G3
0B5EED4E846403CF55E065848440ED2A82758BF5B9AA1F253D4613CFA080FF3F	C=HU, L=Budapest, O=NetLock Halozatbiztonsagi Kft., OU=Tanusitvanykiadok, CN=NetLock Expressz (Class C) Tanusitvanykiado
0B9F26DFCA684C2CFCE23E4E4DD567C886BA259E1DB267F9806F0C5A099711F2	C=LT, O=Skaitmeninio sertifikavimo centras, OU=Certification Authority, CN=SSC Root CA B
0BA1591A23AFDE691EE7E9D4881B03E69A178AB6B5BD5FC2EE31E4BEC176C98B	C=PL, O=Asseco Data Systems S.A., CN=Certum SMIME ECC Root CA
0C0B6B2BD1EDD7B27FEAD157F8E846B335B784A39F06C47216C8746F64C5CEDA	C=DE, O=DATEV eG, CN=CA DATEV BT 03
0C258A12A5674AEF25F28BA7DCFAECEEA348E541E6F5CC4EE63B71B361606AC3	C=EU, O=AC Camerfirma SA CIF A82743287, OU=http://www.chambersign.org, CN=Chambers of Commerce Root
0CC3CFB9C40C1EF39D257262B90F0A5E1E9C2EA978021372364319E2D9BD5E4C	C=FR, O=Certigna, CN=Certigna Email Protection EU Root CA
0D136E439F0AB6E97F3A02A540DA9F0641AA554E1D66EA51AE2920D51B2F7217	C=NL, O=DigiNotar, CN=DigiNotar Root CA, emailAddress=info@diginotar.nl
0D74EF67C88DE3560365E225AEF976F915E901347B73352D81AB5B4132BB2150	C=IN, O=eMudhra Technologies Limited, CN=emSign Root CS CA - G2
0E09801EB903A6F8DE6EF86799296C74B89AB8680C0AF3F2D870EAB6A095F63F	C=MY, O=MSC Trustgate.com Sdn. Bhd., CN=Trustgate SMIME ECC Root CA
0E30D04A94DCC423E26FDC4C24AFCF4923BD80D83B661B06A2F5856361560407	C=MO, O=Macao Post and Telecommunications Bureau, CN=eSignTrust Root Certification Authority (G03)
0E88EB6EA256E19EF8D3ABD61A24D38DBAD632816DD957294427E4724D81A386	CN=Autoridad de Certificacion Raiz del Estado Venezolano, C=VE, L=Caracas, ST=Distrito Capital, O=Sistema Nacional de Certificacion Electronica, OU=Superintendencia de Servicios de Certificacion Electronica, emailAddress=acraiz@suscerte.gob.ve
0ED3FFAB6C149C8B4E71058E8668D429ABFDA681C2FFF508207641F0D751A3E5	CN=Autoridad de Certificacion Raiz del Estado Venezolano, C=VE, L=Caracas, ST=Distrito Capital, O=Sistema Nacional de Certificacion Electronica, OU=Superintendencia de Servicios de Certificacion Electronica, emailAddress=acraiz@suscerte.gob.ve
0F4E9CDD264B025550D170806340214FE94434C9B02F697EC710FC5FEAFB5E38	C=NO, O=Buypass AS-983163327, CN=Buypass Class 2 CA 1
0F993C8AEF97BAAF5687140ED59AD1821BB4AFACF0AA9A58B5D57A338A3AFBCB	C=FR, O=Certplus, CN=Class 2 Primary CA
10D498E3F825388C6758E8714F6B9E17351ACEB0203D31E039C20A7B32B71261	C=US, O=Apple Inc., CN=Apple Public TLS ECC Root CA 1
1108210FCE22F535F274B4733A1E0550E68405D5381DCED95B864D9AF53D0B69	C=CN, O=Aspire Technologies, CN=CMCA GLOBAL TRUST ROOT CA
11437CDA7BB45E41365F45B39A38986B0DE00DEF348E0C7BB0873633800BC38B	C=US, O=CommScope, CN=CommScope Public Trust ECC Root-01
11903EA0AF7C7955142B958BB30CC095E180EC69DEDA00C42042F2EDA9987D67	C=CN, O=China Financial Certification Authority, CN=CFCA Global RSA ROOT
126BF01C1094D2F0CA2E352380B3C724294546CCC65597BEF7F12D8A171F1984	C=JP, O=Japanese Government, OU=GPKI, CN=ApplicationCA2 Root
12D480C1A3C664781B99D9DF0E9FAF3F1CACEE1B3C30C3123A337A4A454FFED2	C=si, O=state-institutions, OU=sigen-ca
12FF248372BD87E44ECE432198BE9B04525F33DEE00356FD646F8ACC01412F86	C=CA, O=Carillon Information Security Inc., OU=Certification Authorities, CN=CISRCA1
136335439334A7698016A0D324DE72284E079D7B5220BB8FBD747816EEBEBACA	C=EU, L=Madrid (see current address at www.camerfirma.com/address), serialNumber=A82743287, O=AC Camerfirma S.A., CN=Global Chambersign Root - 2008
13B84ABAECA3DE8C719A067DE8CF185F65DC19E03EBD92C20BD38C75097BE113	C=US, O=VeriSign, Inc., OU=Class 1 Public Primary Certification Authority
1406710058180FA4081AAB3F246F1702429C552A11FA3143B84C88CB3AB8E5E7	C=BR, O=ICP-Brasil, OU=Instituto Nacional de Tecnologia da Informacao - ITI, CN=Autoridade Certificadora Raiz Brasileira v11
1498BFED947C795235D3482FBE493CD89BE5DC0747291C716360356E89D4595E	C=CN, O=TrustAsia Technologies, Inc., CN=TrustAsia TSA RSA Root CA
1594CB5B826C315DE3BC932C56895FF23A3A988B5DC1F034D214DFD858D89EE8	C=es, O=Servicio de Certificacion del Colegio de Registradores (SCR), OU=Certificado Propio, OU=Certificado Raiz, CN=Certificado de la Clave Principal, street=Principe de Vergara 72 28006 Madrid, emailAddress=scr@registradores.org
15F0BA00A3AC7AF3AC884C072B1011A077BD77C097F40164B2F8598ABD83860C	C=US, O=Network Solutions L.L.C., CN=Network Solutions Certificate Authority
1601DC334704BD853062D6DEBFEECAB38D496F515E186DA56175D9CA6F27256C	C=PK, O=Electronic Certification Accreditation Council, CN=ECAC TLS Root CA G1
165C7E810BD37C1D57CE9849ACCD500E5CB01EEA37DC550DB07E598AAD2474A8	C=BE, O=GlobalSign nv-sa, CN=GlobalSign Client Authentication Root R45
17184AB2C44BE2EBD6C3DE90673F4D1ACA4D67C46F4ED70D47D6AECE3A615B8B	C=PA, ST=Panama, L=Panama City, O=TrustCor Systems S. de R.L., OU=TrustCor Certificate Authority, CN=TrustCor ECA-1
173CF0179612EF44B4491127DF9CD24EA68B7453889035691643B26C4E511F37	C=LK, O=Sri Lanka CERT, CN=National Certification Authority of Sri Lanka TLS Root CA - G1
1759727D9E6679B069DD3AFA910E2779C42007AAB206A169C66E6E2A3D1774B0	C=CN, O=UniTrust, CN=UniTrust Global Time Stamping RSA Root CA R1
17F7C327A79F47A42B9B58C08C6CACDAFBF984340417137091F0C800ED90D3F4	C=BE, CN=Government CA, serialNumber=201401
1997770A5633FB6D0440ABF7D7E87E15D795F094F8C2959DADB00E785866BF48	C=IN, O=eMudhra Technologies Limited, CN=emSign Root TSA CA - G2
19A2FA09332C6D8EAC1393D5F30371DD8B4DD687B0E1E50A6B48AE762CABA2B5	C=TW, O=Chunghwa Telecom Co., Ltd., CN=ePKI Root Certification Authority - G4
19ABCDFF3A74402FA8F0CA206BF7FAB0DFFFF3AE2BBD719584D21090A4353207	C=MY, O=Digicert Sdn. Bhd., CN=PosDigicert Class 2 Root CA G2
1A2512CDA6744ABEA11432A2FDC9F8C088DB5A98C89E13352574CDE4D9E80CDD	C=ZA, ST=Western Cape, L=Somerset West, O=South African Post Office Limited, OU=SAPO Trust Centre, CN=SAPO Class 3 Root CA, emailAddress=pkiadmin@trustcentre.co.za
1AA0C2709E831BD6E3B5129A00BA41F7EEEF020872F1E6504BF0F6C3F24F3AF3	C=IN, OU=emSign PKI, O=eMudhra Technologies Limited, CN=emSign Root CA - G2
1AA980C8C0D316F25029978982F033CBB3A3F4188D669F2DE6A8D84EE00A1575	C=CZ, CN=I.CA - Qualified root certificate, O=První certifikační autorita, a.s.
1B82E7F4910B51E3E802A493ACDC17FF58EAC8B9EB7C09B52AC6CD2EFB83598C	C=US, O=SSL Corporation, CN=SSL.com VMC ECC Root CA 2024
1BA622B36325544AE922AFC22EF9D367943794F6E16874F368A733C65C9D5279	C=DE, O=DATEV eG, CN=CA DATEV STD 01
1BF7F3DF0BA1510D2281992C7D7D95E8862E371AE2BC2C751B0A8D733DF1EF67	C=HU, ST=Budapest, L=Budapest, O=NETLOCK Kft., CN=NETLOCK SMIME Root CA 2025, organizationIdentifier=VATHU-12201521
1C01C6F4DBB2FEFC22558B2BCA32563F49844ACFC32B7BE4B0FF599F9E8C7AF7	C=CN, O=China Internet Network Information Center, CN=China Internet Network Information Center EV Certificates Root
1C3464DFFE0C27C2640DB119DF2146D5EB7E7F8014DAEE0A50F8892C88F85716	C=DZ, O=AUTORITE NATIONALE DE CERTIFICATION ELECTRONIQUE, CN=National Root CA
1C551005D7A178DB89AD5AA145742FF4EB37F88A8E77F3AD4C8347A5EED4DBF4	C=PA, ST=Panama, O=TrustCor Systems S. de R.L., OU=TrustCor Certificate Authority, CN=TrustCor RootCert CA-1
1D4CA4A2AB21D0093659804FC0EB2175A617279B56A2475245C9517AFEB59153	C=US, O=SSL Corporation, CN=SSL.com Client RSA Root CA 2022
1D4F0596FCA2611D09F84C78F2EA565EF2EAB9CFC272A1718BD336E6E0AE021A	C=TN, O=ANCE, OU=Certification & PKI, CN=Agence Nationale de Certification Electronique, emailAddress=ance@certification.tn
1DA6F0B1B4276552CABC37DA61B28121B1F2CE2E013FE54A8112F80D42AC3FA3	C=HU, L=Budapest, O=NETLOCK Kft., CN=NETLOCK SMIME ECC CA, organizationIdentifier=VATHU-12201521
1DF0A470EABEDBD3A8CD7C7814C9A6E6D0D3BFB421B2DBFA8783DFD9695246D6	C=ZA, O=LAWtrust, CN=LAWtrust Root CA2 (4096)
1DF7E8B185CA46578D458D05129854FDE32EF1E9B36F0B96963CE38CAEABE4BC	C=CN, O=TrustAsia Technologies, Inc., CN=TrustAsia Global Root CA G2
1E1A6984B4E76BD709AEE3E9C9CF3118EAC096DAB9CC20DC25FAAB67297E965A	C=FR, O=ANSSI, OU=0002 130007669, CN=IGC/A AC racine Etat francais
1E49AC5DC69E86D0565DA2C1305C419330B0B781BFEC50E54A1B35AF7FDDD501	C=CH, O=SwissSign AG, CN=SwissSign Silver Root CA - G3
1E910B40C08184C0CA20468E824502FF2485163F77B03BB73296823F03885621	C=DE, O=DATEV eG, CN=CA DATEV BT 01
1EEA09E623D764AF6F659141D3E41FBBE5158F9645801180A1A86CE5DF538B82	C=AE, O=DigitalTrust L.L.C., CN=DigitalTrust Root CA G4
2072C50689F0771DD508727364116854A5D54D0991B9F75906BB2A94D4C628D3	C=LK, O=Sri Lanka CERT, CN=National Certification Authority of Sri Lanka DS Root CA - G1
2193CFEA381211A1AEAA2DE984E630643A87160B1208118145EAFB8E1BC69958	C=US, ST=FL, L=Jacksonville, O=Network Solutions L.L.C., CN=Network Solutions ECC Certificate Authority
21C602A128D91D7F31296788D08A2DD1E40E05A1CB7EABD71E3AD7ABE6103682	CN=Root BSRE CA SSL/TLS, O=Badan Siber dan Sandi Negara, C=ID
21DB20123660BB2ED418205DA11EE7A85A65E2BC6E55B5AF7E7899C8A266D92E	C=ch, O=Swisscom, OU=Digital Certificate Services, CN=Swisscom Root CA 1
21E9B3A3A7957B52BF5B9A113CDE238619DEC8B068735152EAA9B996BA5B8575	C=US, O=IdenTrust, CN=IdenTrust Commercial Root Client-Auth ECC CA 2
229CCC196D32C98421CC119E78486EEBEF603AECD525C6B88B47ABB740692B96	C=US, O=Cisco Systems, CN=Cisco RXC-R2
22D9599234D60F1D4BC7C7E96F43FA555B07301FD475175089DAFB8C25E477B3	C=GB, O=Sectigo Limited, CN=Sectigo Public Email Protection Root E46
22E0D11DC9207E16C92B2EE18CFDB2C2E940626847921FC528CEDD2F7932F714	C=US, O=Digital Signature Trust Co., OU=DST-Entrust GTI CA
235EB2934DF9970D871FA03874872CC17851E7F8ACDEC706D31D4FD5B29D9313	C=CN, O=China Financial Certification Authority, CN=CFCA Global ECC ROOT
23804203CA45D8CDE716B8C13BF3B448457FA06CC10250997FA01458317C41E5	C=ES, O=IZENPE S.A., CN=Izenpe.com
2399561127A57125DE8CEFEA610DDF2FA078B5C8067F4E828290BFB860E84B3C	C=US, O=VeriSign, Inc., OU=VeriSign Trust Network, OU=(c) 2008 VeriSign, Inc. - For authorized use only, CN=VeriSign Universal Root Certification Authority
23D34171369197D959B132F8B3DC5B556C7EDE60CC14FC699CAB487E337B0D7F	C=CN, O=BEIJING CERTIFICATE AUTHORITY, CN=BJCA Global Root CA6 G2
23E4F8DA7D482CD105289433C2E10CE67C1E1092B4DC50101F6D0C346E965972	C=CN, O=China Financial Certification Authority, CN=CFCA Global ECC ROOT G2
253E3CA36E37E867EE68867B997B9EC724DCC3161063AB0393B54F2BB7B6C315	C=US, O=SSL Corporation, CN=SSL.com Code Signing RSA Root CA 2022
25CF3DA8E9B97ADDBF92543C2B82527C8A4E2CFF2062A6483040D4B64ACE719F	C=US, O=GoDaddy.com, CN=GoDaddy TLS Root CA - R1
2602D21E81277A83F6048128F61D794A06F474E1F75E49740A817C2666F62211	C=US, ST=Utah, L=Salt Lake City, O=Xcert EZ by DST, CN=Xcert EZ by DST, emailAddress=ca@digsigtrust.com
261D7114AE5F8FF2D8C7209A9DE4289E6AFC9D717023D85450909199F1857CFE	C=PT, O=DigitalSign Certificadora Digital, CN=DIGITALSIGN GLOBAL ROOT ECDSA CA
2657E37AEA25E2801DC78ED6809D0FFE1851EB5B454B46AF73B3965B0D42E56D	C=US, O=IdenTrust, CN=IdenTrust Doc-Sign ECC Root CA 1
266E5635FA7363CD7716C0DE74D51B82F0F8878E664734376219EDAD19E54E37	C=US, O=IdenTrust, CN=IdenTrust Client-Auth ECC Root CA 1
26C56AD2208D1E9B152F66853BF4797CBEB7552C1F3F477251E8CB1AE7E797BF	C=US, O=DigiCert, Inc., CN=DigiCert CS ECC P384 Root G5
26C6C5FD4928FD57A8A4C5724FDD279745869C60C338E262FFE901C31BD1DB2B	C=BE, O=GlobalSign nv-sa, CN=GlobalSign Code Signing Root E45
2754D4FBCDEEC3E32BAC6D8DFDCBD5DE2BAA2E90562005B418E334CCFC37FA52	L=Internet, O=VeriSign, Inc., OU=VeriSign Individual Software Publishers CA
2834991CF677466D22BAAC3B0055E5B911D9A9E55F5B85BA02DC566782C30E8A	C=DE, O=TC TrustCenter GmbH, OU=TC TrustCenter Universal CA, CN=TC TrustCenter Universal CA II
28376149395498E183E9CE6278480DA6DD9186572A25C807BBE0BC094B544341	C=FR, O=Certiposte, CN=Certiposte Serveur
2930BD09A07126BDC17288D4F2AD84645EC948607907A97B5ED0B0B05879EF69	C=US, O=RSA Data Security, Inc., OU=Secure Server Certification Authority
294F55EF3BD7244C6FF8A68AB797E9186EC27582751A791515E3292E48372D61	C=NL, O=DigiNotar, CN=DigiNotar Root CA G2, emailAddress=info@diginotar.nl
2AD45B0C0F668F08436400911799DBAB3EF82EFA5CA31C896455212EC7F1CB05	C=JP, O=Cybertrust Japan Co., Ltd., CN=Cybertrust iTrust TLS RSA4096 Root CA 2025
2BCBBFD66282C680491C8CD7735FDBBAB7A8079B127BEC60C535976834399AF7	C=BE, O=GlobalSign nv-sa, CN=GlobalSign Timestamping Root R45
2C154235528D701790B675AFF6E1970827B10ED665E913835BF46E3460FD5C84	C=JP, O=SECOM Trust Systems Co., Ltd., CN=SECOM RSA Root CA 2023
2C4E9B0F8D0FCDC308C077E30DD2349DAF871FB3A37214859C486189A9F80ADB	C=SE, O=Telia Company AB, CN=Telia EC Signing Root CA v3
2CAB8E1E521323BADBC7E427F3DF91BEB17D42B5BD831EA1C428CA4FA49DA570	C=HU, ST=Budapest, L=Budapest, O=NETLOCK Kft., CN=NETLOCK TLS Root CA 2025, organizationIdentifier=VATHU-12201521
2D41D6D54CF9C81B0725E963C351F192D46581C8989C96C565695F6C8FC6EA67	C=CZ, organizationIdentifier=NTRCZ-47114983, O=Česká pošta, s.p., CN=PostSignum Root QCA ECC R1
2D47437DE17951215A12F3C58E51C729A58026EF1FCC0A5FB3D9DC012F600D19	C=JP, O=Japanese Government, OU=ApplicationCA
2D66A702AE81BA03AF8CFF55AB318AFA919039D9F31B4D64388680F81311B65A	C=IN, O=India PKI, CN=CCA India 2011
2D91AC5C7D799A7F45EB926AA3EAE98014E00FC2EE10264FFE34FE5E56855C08	C=PK, O=Electronic Certification Accreditation Council, CN=ECAC Code Signing Root CA G1
2DC62C3F6C0CC9020BBA77E1C511511024B943EE598856DA5A22E222B7277A20	C=AT, ST=Austria, L=Vienna, O=ARGE DATEN - Austrian Society for Data Protection, OU=A-CERT Certification Service, CN=A-CERT ADVANCED, emailAddress=info@a-cert.at
2DDE9D0C0A90E7B32B5ABC01F41799D42E95A1E3C31C3B39373BB8141EA54471	C=AT, O=A-Trust Ges. f. Sicherheitssysteme im elektr. Datenverkehr GmbH, OU=A-Trust-Root-05, CN=A-Trust-Root-05
2DFCBACADF22A6FF107A51FD3E8B9E17858028879B13F7C3B57B3E1BD2315809	C=US, O=GTE Corporation, OU=GTE CyberTrust Solutions, Inc., CN=GTE CyberTrust Root
2E04BF6C4C91864389F7CB30AFF4B54346794EF897B0D6557F10B7A8BA6D932C	C=CN, O=TrustAsia Technologies, Inc., CN=TrustAsia TSA ECC Root CA
2E19FA7CD069B3AA10B570D3E654C24217B229C67FB3BE87D1D6006C8F514DA9	C=PT, O=ACIN-iCloud Solutions, Lda, OU=Global Trusted Sign, CN=Global Trusted Sign Root Certification Authority 01
2E3A2BB5112505836CA8968BE2CB3727CE9B56845C6EE98E9185104AFB9AF596	C=US, O=Equifax Secure Inc., CN=Equifax Secure eBusiness CA-1
2EE6E5FE882F2B92705456AB78368BE83731485277CD0BD9BA381C99135F86E2	C=ES, O=Víntegris SL, L=Hospitalet de Llobregat, organizationIdentifier=VATES-B62913926, CN=vinCAsign Qualified Authority, ST=Barcelona
2F1062F8BF84E7EB83A0F64C98D891FBE2C811B17FFAC0BCE1A6DC9C7C3DCBB7	C=ZA, ST=Western Cape, L=Cape Town, O=Thawte Consulting, OU=Certification Services Division, CN=Thawte Personal Basic CA, emailAddress=personal-basic@thawte.com
2F274E48ABA4AC7B765933101775506DC30EE38EF6ACD5C04932CFE041234220	C=US, O=Equifax Secure, OU=Equifax Secure eBusiness CA-2
2FFB7F813BBBB3C89AB4E8162D0F16D71509A830CC9D73C262E5140875D1AD4A	C=US, O=CommScope, CN=CommScope Public Trust ECC Root-02
3032055A2617521DCBDED330A5161BF067611CFD2A6A01932705BA9B0C30ABC8	C=PL, O=Krajowa Izba Rozliczeniowa S.A., CN=SZAFIR ROOT CA3 TLS
309B4A87F6CA56C93169AAA99C6D988854D7892BD5437E2D07B29CBEDA55D35D	C=DE, O=TC TrustCenter GmbH, OU=TC TrustCenter Universal CA, CN=TC TrustCenter Universal CA III
30F4E5DD679FDE8FD11EB6E0C531615C438B06EDD9F59CBAB49680AA2B6990D9	C=US, O=Open Access Technology International Inc, CN=OATI webCARES Server Root CA
319A7F79258C33992B6BA277005AD3EA1802D899A99E42CD541750A4B4CC7CCD	C=AE, O=DarkMatter L.L.C., CN=DarkMatter Root CA G4
31EACE9B4C9C71734A185680BC24866CA6CBD82B3CB61BCC8706261B59CE1073	C=BR, ST=Rio de Janeiro, L=Rio de Janeiro, O=Certisign Certificadora Digital Ltda., OU=Certisign Autoridade Certificadora AC3S
3266967E59CD68008D9DD320811185C704205E8D95FDD84F1C7B311E6704FC32	C=DE, O=TC TrustCenter GmbH, OU=TC TrustCenter Class 4 CA, CN=TC TrustCenter Class 4 CA II
327A3D761ABADEA034EB998406275CB1A4776EFDAE2FDF6D0168EA1C4F5567D0	C=HU, L=Budapest, O=Microsec Ltd., OU=e-Szigno CA, CN=Microsec e-Szigno Root CA
328CDF63622AFB8A3FBC1347FD3389F918DA4A33F80AF34522D34B5BDA9CCB82	C=HU, L=Budapest, O=Microsec Ltd., CN=e-Szigno TLS Root CA 2024
3347EEA8149CD3F6B7796CCAAD234ADA294372F7B1EA49F87F5ADB11C8581624	C=IT, O=Actalis S.p.A., CN=Actalis SMIME ECC Root CA 2025
341DE98B1392ABF7F4AB90A960CF25D4BD6EC65B9A51CE6ED067D00EC7CE9B7F	C=US, O=VeriSign, Inc., OU=Class 1 Public Primary Certification Authority - G2, OU=(c) 1998 VeriSign, Inc. - For authorized use only, OU=VeriSign Trust Network
34BB34E14FAED0D3392F2FC441C0ECD5FD88AD88118DF2D1BA76CDEC1EEA10B8	C=SA, O=National Center for Digital Certification, OU=Saudi National Root CA
3568D2627EE25268E706432DD6CB50A90BBE332072B146DD58BFF60377D696E1	C=US, O=VeriSign, Inc., OU=Class 1 Public Primary Certification Authority - G2, OU=(c) 1998 VeriSign, Inc. - For authorized use only, OU=VeriSign Trust Network
35AE5BDDD8F7AE635CFFBA5682A8F00B95F48462C7108EE9A0E5292B074AAFB2	CN=EBG Elektronik Sertifika Hizmet Sağlayıcısı, O=EBG Bilişim Teknolojileri ve Hizmetleri A.Ş., C=TR
363F3C849EAB03B0A2A0F636D7B86D04D3AC7FCFE26A0A9121AB9795F6E176DF	C=US, O=Symantec Corporation, OU=Symantec Trust Network, CN=Symantec Class 1 Public Primary Certification Authority - G4
36544D2FCE03C6C72B70EB1A8064264DC1511768C2D8F76A8B9F1F2BBD153B7D	C=ES, O=Agencia Notarial de Certificacion S.L. Unipersonal - CIF B83395988, CN=ANCERT Corporaciones de Derecho Publico
3682228D7D678B571440CF1CB34E69FB4135FD6C2A1BE38E14163B711E02AE01	C=SE, O=Telia Company AB, CN=Telia EC Email Root CA v3
37D51006C512EAAB626421F1EC8C92013FC5F82AE98EE533EB4619B8DEB4D06C	C=US, O=GeoTrust Inc., CN=GeoTrust Primary Certification Authority
37D8DC8AF7867845DA3344A6B1BADE448D8A80E47B5579F96BF631768F9F30F6	C=DE, ST=Baden-Wuerttemberg (BW), L=Stuttgart, O=Deutscher Sparkassen Verlag GmbH, CN=S-TRUST Authentication and Encryption Root CA 2005:PN
3808CE3E961CA532682FFB8708B544E8F175AA065601A45902DF92128FC38532	CN=I.CA Root CA/ECC 05/2022, O=První certifikační autorita, a.s., organizationIdentifier=NTRCZ-26439395, C=CZ
38BE6C7EEB4547D82B9287F243AF32A9DEEB5DC5C9A87A0056F938D91B456A5A	C=BE, O=GlobalSign nv-sa, CN=GlobalSign Document Signing Root R45
38E5A7047A3BA80DF9CBA23F96A5E9BD8BBC937D0E5D739DEEDA9A384542D17A	C=FR, O=Certigna, CN=Certigna Server Authentication Root CA
3945E08A8D4A0554B7605A7B355B10188E3EF842C76A805C54E3657C4D041AAA	C=HK, ST=Hong Kong, L=Hong Kong, O=Hongkong Post, CN=Hongkong Post Root CA 2
39AE2E6F304A6236BDF9066718DDC69E51AF5ED05A63F2EE8D80CA1D1CC8FE4F	C=GR, O=BYTE Computer S.A., CN=BYTE Root Certification Authority 001
39C75CAECEE8920C909F132491641350B57E2702A65A991545B01D1BE4A2220B	C=DK, O=TDC, CN=TDC OCES CA
39DF7B682B7B938F84715481CCDE8D60D8F22EC598877D0AAAC12B59182B0312	C=HU, L=Budapest, O=NetLock Halozatbiztonsagi Kft., OU=Tanusitvanykiadok, CN=NetLock Uzleti (Class B) Tanusitvanykiado
39F6033CA664CEDB216744D3C6F2B2E8E3CEBD6869F7DFF47E0DB91A79C416F8	C=IE, O=An Post, OU=Post.Trust Ltd., CN=Post.Trust Root CA
3A0072D49FFC04E996C59AEB75991D3C340F3615D6FD4DCE90AC0B3D88EAD4F4	C=TW, O=TAIWAN-CA, OU=Root CA, CN=TWCA Global Root CA G2
3A43E220FE7F3EA9653D1E21742EAC2B75C20FD8980305BC502CAF8C2D9B41A1	C=US, O=VeriSign, Inc., OU=Class 2 Public Primary Certification Authority - G2, OU=(c) 1998 VeriSign, Inc. - For authorized use only, OU=VeriSign Trust Network
3AE6DF7E0D637A65A8C81612EC6F9A142F85A16834C10280D88E707028518755	C=DE, O=Deutsche Telekom Security GmbH, CN=Telekom Security SMIME ECC Root 2021
3AF21466920FA91FA31F4331E445C16BE2330024BFD2C239C0D85AB530714766	C=US, O=DigiCert, Inc., CN=DigiCert Client RSA4096 Root G5
3B222E566711E992300DC0B15AB9473DAFDEF8C84D0CEF7D3317B4C1821D1436	C=CH, O=SwissSign AG, CN=SwissSign Platinum CA - G2
3B48B18D6F20B2369A7D4056A0F5736E7650D653802305A50E83B9C3376D9E18	C=US, O=IdenTrust, CN=IdenTrust Commercial Root SMIME ECC CA 2
3BDED8110E8F8C5637950F227422F76DC60545B31688357DE68F7E1912EC02F8	C=NL, O=DigiNotar, CN=DigiNotar Root CA, emailAddress=info@diginotar.nl
3C4FB0B95AB8B30032F432B86F535FE172C185D0FD39865837CF36187FA6F428	C=NL, O=Staat der Nederlanden, CN=Staat der Nederlanden Root CA - G3
3CCC3CCFE45496D07B620DBF1328E8A1490018F48633C8A28A995CA60408B0BE	CN=ComSign Advanced Security CA
3CFC3C14D1F684FF17E38C43CA440C00B967EC933E8BFE064CA1D72C90F2ADB0	emailAddress=contacto@procert.net.ve, L=Chacao, ST=Miranda, OU=Proveedor de Certificados PROCERT, O=Sistema Nacional de Certificacion Electronica, C=VE, CN=PSCProcert
3D2794A0539486A83E8032CF14FE886553E52239CBAEC1B9CFEF5595ADBBF444	C=TH, O=Electronic Transactions Development Agency, CN=Thailand National Root Certification Authority - G3
3D4FB84E009C3A6EDC4389DFE9BE9A22391DBD9ABA19417D0D2A9BA102F0BCC8	C=HU, L=Budapest, O=Microsec Ltd., CN=e-Szigno TSA Root CA 2024
3E5DD80736AAE7F50EFCEC4CF9B54B85E3E49459A324915659518F335245C353	C=PL, O=Krajowa Izba Rozliczeniowa S.A., CN=SZAFIR ROOT CA5 SMIME
3E83A6C780B4C5B87538AD2E43A203708FF7FF29BEDC7B20626BF7C009199C0A	C=AE, O=UAE Government, CN=UAE Global Root CA G4
3E84BA4342908516E77573C0992F0979CA084E4685681FF195CCBA8A229B8A76	C=EE, O=AS Sertifitseerimiskeskus, CN=EE Certification Centre Root CA, emailAddress=pki@sk.ee
3F06E55681D496F5BE169EB5389F9F2B8FF61E1708DF6881724849CD5D27CB69	C=GB, ST=Greater Manchester, L=Salford, O=Comodo CA Limited, CN=Trusted Certificate Services
3F9DA4744EC9676CD38B530E500A463FBCB18165977FF0DA6D5993C3FE5FAB7C	C=GB, O=Trustis Limited, OU=Trustis EVS Root CA
3F9F27D583204B9E09C8A3D2066C4B57D3A2479C3693650880505698105DBCE9	C=ZA, ST=Western Cape, L=Cape Town, O=Thawte Consulting cc, OU=Certification Services Division, CN=Thawte Premium Server CA, emailAddress=premium-server@thawte.com
4027859768646C2235DD86CDF7D82AC345AA7F71F742DDFACE2A2D6FD51B41AC	C=MY, O=MSC Trustgate.com Sdn. Bhd., CN=Trustgate SMIME Enterprise RSA Root CA
414F6C10FA816561832751BDB241ED8AE2BB0E2EBE651DE48E317ABB774E38F0	C=US, O=Starfield Technologies, Inc., CN=Starfield Root Certificate Authority - G5
417DCF3180F4ED1A3747ACF1179316CD48CB05C5788435168AED98C98CDCB615	C=NL, O=Digidentity B.V., CN=Digidentity L3 Root CA - G2
420332EF876EBE78F2AF5D28AAACDE24AAD0C10F8FFAAC469EFD7BD941929568	C=US, O=Entrust, Inc., CN=Entrust P384 TLS Root CA - 2022
4210F199499A9AC33C8DE02BA6DBAA14408BDD8A6E324689C1922D069715A332	C=FR, O=KEYNECTIS, OU=ROOT, CN=KEYNECTIS ROOT CA
42143A511A3AFCDD80D555DEBB4191EC6BB285EE66E62EC657ED20ADF7D55FAA	C=FR, O=Certeurope, OU=0002 434202180, CN=Certeurope Root CA 2
433DB9E222A1EF0AF4F4C4DFAEE76643B9039F1758A13BDFBED36C7290114162	C=MY, O=MSC Trustgate.com Sdn. Bhd., CN=Trustgate ID Root CA
436472C1009A325C54F1A5BBB5468A7BAEECCBE05DE5F099CB70D3FE41E13C16	C=CN, O=TrustAsia Technologies, Inc., CN=TrustAsia SMIME ECC Root CA
43A61038597C31F4E7D75DEEB831E38462D968308C68B5A078F719139735DA89	C=GB, O=Sectigo Limited, CN=Sectigo Public Document Signing Root R46
43F257412D440D627476974F877DA8F1FC2444565A367AE60EDDC27A412531AE	C=US, ST=UT, L=Salt Lake City, O=The USERTRUST Network, OU=http://www.usertrust.com, CN=UTN-USERFirst-Client Authentication and Email
4404E33B5E140DCF998051FDFC8028C7C81615C5EE737B111B588233A9B535A0	CN=TÜRKTRUST Elektronik Sertifika Hizmet Sağlayıcısı, C=TR, L=ANKARA, O=(c) 2005 TÜRKTRUST Bilgi İletişim ve Bilişim Güvenliği Hizmetleri A.Ş.
44640A0A0E4D000FBD574D2B8A07BDB4D1DFED3B45BAABA76F785778C7011961	C=US, O=VeriSign, Inc., OU=Class 4 Public Primary Certification Authority - G2, OU=(c) 1998 VeriSign, Inc. - For authorized use only, OU=VeriSign Trust Network
46219BBF9148F00E8B7A4C619B57CF7602701FF81348400718870FABD31FC5BE	C=JP, O=SECOM Trust Systems Co., Ltd., CN=SECOM Document Signing RSA Root CA 2023, organizationIdentifier=NTRJP-4011001040781
46273285615D96E52DA9FC2ED8C036F10AF3D9F6280F8D288706C52B2011B4DA	C=UY, O=ADMINISTRACION NACIONAL DE CORREOS, OU=SERVICIOS ELECTRONICOS, CN=Correo Uruguayo - Root CA
46CD083B47E80402028DF493960EA19C85FE851950D5165F1C7DA4FAA951E2F8	C=US, OU=emSign PKI, O=eMudhra Inc, CN=emSign Root CA - C2
4774674B94B78F5CCBEF89FDDEBDABBD894A71B55576B8CC5E6876BA3EAB4538	C=BE, O=GlobalSign nv-sa, CN=GlobalSign Timestamping Root E46
47911BC8F32A11B029E0BB10A348B459404B87731B870A2F3FA97B4705DC4C25	C=IN, O=eMudhra Technologies Limited, CN=emSign Root SMIME CA - G1
481F0E1B0874D84B189FF83A694D27B30ECD2A477AB3289E976C7FA1A6BD255B	C=US, O=Entrust, CN=Entrust P384 Client Root CA - 2024
488E134F30C5DB56B76473E608086842BF21AF8AB3CD7AC67EBDF125D531834E	C=PT, O=SCEE, CN=ECRaizEstado
488FCA189EAADF54A3F920ED39E587183BA512232999FAE3E4A285FE98E298D1	C=PA, ST=Panama, L=Panama City, O=TrustCor Systems S. de R.L., OU=TrustCor Certificate Authority, CN=TrustCor RootCert CA-1
4898B1749717A594A2030F47C83C272BD14BAE3DCEB2EAE382174EF2EC1C75C9	C=US, O=MSFT, CN=Microsoft Authenticode(tm) Root Authority
4898C6888C0CFFB0D3E31ACA8A37D4E3515FF746D02635D86646CFA0A3185AE7	C=DK, O=TDC Internet, OU=TDC Internet Root CA
48E1CF9E43B688A51044160F46D773B8277FE45BEAAD0E4DF90D1974382FEA99	C=ZA, O=LAWtrust, CN=LAWtrust Root CA2 (4096)
491A043E6D361179656F344182E0203DDC3DCE6C187001AA10BE563D7F1241A8	C=SA, O=National Information Center, CN=Saudi National SSL Root CA
49351B903444C185CCDC5C693D24D8555CB208D6A8141307699F4AF063199D78	C=TR, L=Ankara, O=TÜRKTRUST Bilgi İletişim ve Bilişim Güvenliği Hizmetleri A.Ş., CN=TÜRKTRUST Elektronik Sertifika Hizmet Sağlayıcısı H5
4941B001B8A97E961B7817C9D9E960EC4B056BFC915A8C1AABF6EF6B3AC046A5	C=GB, O=Sectigo Limited, CN=Sectigo Public Time Stamping Root R46
49C8175A9815E08BEF129A929DE1BACAD04E4DB67A8C839293953E5031C81CA0	C=us, ST=Utah, L=Salt Lake City, O=Digital Signature Trust Co., OU=National Retail Federation, CN=DST (NRF) RootCA, emailAddress=ca@digsigtrust.com
49F74F824F2E059FE99C98AF3219EC0D9A004D1B64DD2FD1452616318AB806C0	C=US, O=Digital Signature Trust Co., CN=Baltimore EZ by DST, mail=ca@digsigtrust.com
4B03F45807AD70F21BFC2CAE71C9FDE4604C064CF5FFB686BAE5DBAAD7FDD34C	C=US, O=thawte, Inc., OU=Certification Services Division, OU=(c) 2008 thawte, Inc. - For authorized use only, CN=thawte Primary Root CA - G3
4B22D5A6AEC99F3CDB79AA5EC06838479CD5ECBA7164F7F22DC1D65F63D85708	C=CN, O=WoSign CA Limited, CN=Certification Authority of WoSign
4B3F646CD878C2B0659A727E0EB8780E5010ECEC03E2EF5E679880E265D486A3	C=AE, O=DarkMatter L.L.C., CN=DarkMatter Root CA G3
4BABE0E9328D5DAE17936F3DDAA2442BFBDD0873F92FB8D1FBBD3D9894649AD9	C=CN, O=UniTrust, CN=UniTrust Global TLS RSA Root CA R1
4BDB7418BDF7FFE33BA0884AFA7C0C61FD85A153972F65F7D01CB3EC7EB4073C	C=BR, O=Certisign Certificadora Digital Ltda., OU=Certisign - Autoridade Certificadora - AC4
4C1CCD24F17E950FC18536B33CAFE32293CFC33E8467B41E1C693055D7F513BF	C=JP, O=Cybertrust Japan Co., Ltd., CN=SecureSign Root CA16
4C53D6746D9502530D235A82F9CF8382F5779D5DDDDBD373ABE1724FC1EFE796	C=US, O=IdenTrust, CN=IdenTrust Commercial Root TLS RSA CA 2
4D2491414CFE956746EC4CEFA6CF6F72E28A1329432F9D8A907AC4CB5DADC15A	C=NL, O=Staat der Nederlanden, CN=Staat der Nederlanden EV Root CA
4D9EBB28825C9643AB15D54E5F9614F13CB3E95DE3CF4EAC971301F320F9226E	C=ES, O=FNMT-RCM, OU=AC RAIZ FNMT-RCM
4DBB0157A691FA7382289D65C0332DDB1DCB640B40AD10F010A43E20F3AFED1E	C=AT, O=Telekom-Control-Kommission, CN=Telekom-Control-Kommission Top 1
4E7480AD702A379DC589ADB4FAA625E6A5993F87EF2375D5437FFE3B79BE4E96	C=AT, ST=Austria, L=Vienna, O=Arge Daten Oesterreichische Gesellschaft fuer Datenschutz, emailAddress=a-cert@argedaten.at
4EC7B0E3257F710D2F2D90D3CF9E0C87ECF3D2CE59D724F9DDAE1C2485611324	C=PK, O=Electronic Certification Accreditation Council, CN=ECAC Root CA G1
4EFAADA2543E1E02666998574B3BAD96AE264088FA5917F75D32E7A609D1869C	C=IT, O=Actalis S.p.A., CN=Actalis TLS Server ECC Root CA 2025
4F4D24CCFBBECD50C4FCCF0FCF07D7906003AC07E6C8B912012733DE6DD35542	C=US, O=IdenTrust, CN=IdenTrust Commercial Root Client-Auth RSA CA 2
504386C9EE8932FECC95FADE427F69C3E2534B7310489E300FEE448E33C46B42	C=US, ST=Utah, L=Lehi, O=DigiCert, Inc., OU=www.digicert.com, CN=DigiCert Verified Mark Root CA
504B5D7CD5324FB393817075F3BBDCB990EC4C930CCD35E374F97D426B1DA0EB	C=MY, O=MSC Trustgate.com Sdn. Bhd., CN=Trustgate SMIME RSA Root CA
507941C74460A0B47086220D4E9932572AB5D1B5BBCB8980AB1CB17651A844D2	CN=ComSign Secured CA, O=ComSign, C=IL
515869A435D6D47D3EB8F38D6F9198EC83F2A56AD31CC1AEDE4F7B89DA69E4BF	C=AE, O=DarkMatter LLC, CN=DarkMatter Root CA G4
51847C8CBD2E9A72C91E292D2AE247D7DE1E3FD270547A20EF7D610F38B8842C	C=US, O=VeriSign, Inc., OU=Class 1 Public Primary Certification Authority
51A7ECB93ACB55FF0E34CD0ECFD1578978B37E9EDB82FD06F23F6CEC005B986D	C=AE, O=UAE Government, CN=UAE Global Root CA G4 E2
5232A304AA4A10CFE6C47842EA3381CB31D619E24F58126D534CD50C5CE7845D	C=NL, O=QuoVadis Trustlink B.V., CN=QuoVadis SMIME RSA 4096 Root G4
527A42267DAEA8D8F54E91D282D5C25B615BC0DC73DC63A58F916C4ED5BF59AC	O=eSign Australia, OU=Public Secure Services, CN=eSign Imperito Primary Root CA
527B050527DF529C0F7AD00CEF1E7BA421788182615C326C8B6D1A2061A0BD7C	C=US, O=GTE Corporation, CN=GTE CyberTrust Root
5367F20C7ADE0E2BCA790915056D086B720C33C1FA2A2661ACF787E3292E1270	C=US, O=Microsoft Corporation, CN=Microsoft Identity Verification Root Certificate Authority 2020
53850DBA0B62839FED4C0E3E1B95CB7E9C4CF2ED7C3E5AE2D3D3F535EB5A2653	C=US, O=IdenTrust, CN=IdenTrust Commercial Root SMIME RSA CA 2
53DFDFA4E297FCFE07594E8C62D5B8AB06B32C7549F38A163094FD6429D5DA43	C=US, O=Symantec Corporation, OU=Symantec Trust Network, CN=Symantec Class 3 Public Primary Certification Authority - G4
54455F7129C20B1447C418F997168F24C58FC5023BF5DA5BE2EB6E1DD8902ED5	C=LU, O=LuxTrust S.A., CN=LuxTrust Global Root 2
548D27778822346B9EEE3CB4621BDFE2DBDC50588DA68C5E3632301F8E62ECAB	C=US, O=Viking Cloud, Inc., CN=VikingCloud TLS RSA Root 1
54AE8A683FE2D78FF1EF0E0B3F58425092953BA08C67FE4A95595D1CEBCDCB30	C=DE, O=DATEV eG, CN=CA DATEV STD 03
54B4FC43D44AA4CA9FC03CA7E9949FBAE267A064D02DA21852412A381B5D1537	C=JP, O=LGPKI, CN=Application CA G3 Root
54E84A8E9DA7F3BB14F35C7F9C314B6EAB2739EB8086C8000F00C0993C3E694C	CN=TnTrust Root CA - G1, O=AGENCE NATIONALE DE CERTIFICATION ELECTRONIQUE, C=TN
5533A0401F612C688EBCE5BF53F2EC14A734EB178BFAE00E50E85DAE6723078A	CN=Autoridad Certificadora Raíz Nacional de Uruguay, O=AGESIC, C=UY
5607E260163F49C8EA4175A1C0A53B13195CB7D07845611E943A2FF507036834	C=ES, O=Consejo General de la Abogacia NIF:Q-2863006I, CN=Autoridad de Certificacion de la Abogacia
56C77128D98C18D91B4CFDFFBC25EE9103D4758EA2ABAD826A90F3457D460EB4	C=FR, O=OpenTrust, CN=OpenTrust Root CA G1
56CE347CC6DF4C35943DFDEAEE023F9739A3F1CEDEEE0CD88DC2386BC8A91EAF	CN=TÜRKTRUST Elektronik İşlem Hizmetleri, C=TR, L=Ankara, O=TÜRKTRUST Bilgi İletişim ve Bilişim Güvenliği Hizmetleri A.Ş. (c) Kasım 2005
57014F3CBE1782AA9B7921C5E3A95AFD26D5727D9475D0142E6B6D27798133C0	C=ZA, ST=Western Cape, L=Cape Town, O=Thawte Consulting, OU=Certification Services Division, CN=Thawte Personal Freemail CA, emailAddress=personal-freemail@thawte.com
57D705F10BA0EE4E26338EE8E799F202817CEE2DD3FB67459639B632B80763B4	C=LK, O=Sri Lanka CERT, OU=Root Certification Authority, CN=National Certification Authority of Sri Lanka - G1
58D017279CD4DC63ABDDB196A6C9906C30C4E08783EAE8C1609954D69355596B	L=ValiCert Validation Network, O=ValiCert, Inc., OU=ValiCert Class 2 Policy Validation Authority, CN=http://www.valicert.com/, emailAddress=info@valicert.com
59B045CAA02D858761135605BF483EA5EBE67A948E01564C0DBB7994AC9D379E	C=US, ST=New York, O=Certiphire, Inc., CN=Certiphire Root CA G3
59B3829F1FF443344958FAE8BFF621B684C848CFBF7EAD6B63A6CA50F2794F89	C=CH, O=SwissSign AG, CN=SwissSign Platinum Root CA - G3
5A0BAF5588E73FCC336C9039B85981189296670EFA994520FF008B9ACF4D2602	C=CH, O=Bundesamt fuer Informatik und Telekommunikation (BIT), OU=Swiss Government PKI, CN=Swiss Government Root CA IV
5A1B5D6BC65523B40A6DEFFA45B48E4288AE8DD86DD70A5B858D4A5AFFC94F71	C=SI, O=Halcom, CN=Halcom CA FO
5A55B4661A2C86E0896D8C21972A5EA310C047FDF16BC83599C1649732673B62	C=FR, O=Certiposte, CN=Certiposte Classe A Personne
5A769EB3D9D6A9770BDC1BF412632BD35DAD69BDF24EE9CD75D2B659B4A0DDC9	C=ES, ST=VALENCIA, L=BURJASSOT, O=ISTEC, organizationIdentifier=VATES-A40573396, CN=ACCV ROOT RSA EIDAS 2023
5A885DB19C01D912C5759388938CAFBBDF031AB2D48E91EE15589B42971D039C	C=PA, ST=Panama, L=Panama City, O=TrustCor Systems S. de R.L., OU=TrustCor Certificate Authority, CN=TrustCor ECA-1
5A8BC466F676CE097CED3A7DEEC6BAEC2C4C864006421A4F23D7F024B6253A8F	C=US, O=VeriSign, Inc., OU=Class 2 Public Primary Certification Authority - G2, OU=(c) 1998 VeriSign, Inc. - For authorized use only, OU=VeriSign Trust Network
5ADFA25013BED3710831572DE51C4B9A21171C00313249C4CB4719D37FBB8D20	C=US, ST=Texas, L=Houston, O=SSL Corporation, CN=SSL.com EV Root Certification Authority RSA
5AF98353650C2AC49961F51883600AE5C61101035CDD7782822322127FACEC6D	C=HU, L=Budapest, O=Microsec Ltd., CN=e-Szigno CodeSigning Root CA 2024
5B0C502A7D963BA55217396FDA9B3DC78171000AEEFF42CECC3A20A7938163E8	C=SE, O=Telia Company AB, CN=Telia RSA Email Root CA v3
5B1D9D24DE0AFEA8B35BA04A1C3E25D0812CDF7C4625DE0A89AF9FE4BBD1BB15	CN=AC1 RAIZ MTIN, serialNumber=S2819001E, OU=PRESTADOR DE SERVICIOS DE CERTIFICACION MTIN, OU=SUBDIRECCION GENERAL DE PROCESO DE DATOS, O=MINISTERIO DE TRABAJO E INMIGRACION, L=MADRID, C=ES
5B789987F3C4055B8700941B33783A5F16E0CFF937EA32011FE04779F7635308	O=VeriSign Trust Network, OU=VeriSign, Inc., OU=VeriSign Time Stamping Service Root, OU=NO LIABILITY ACCEPTED, (c)97 VeriSign, Inc.
5BB2824AA8D9068FD87E4713434B9EF543669DC95BA9080E7C9B6682333482FE	C=IT, O=Actalis S.p.A., CN=Actalis Time Stamping ECC Root CA 2025
5D19E2502C9012D6028E43AE46DCE95A3F0D906297826A8ABD036B635DCFA279	C=US, O=DigiCert, Inc., CN=DigiCert TLS RSA4096 Root G6
5ECE6AB27131FB58A887E94177D55BD9E51AAA2DED6C081B54A39BE3CB84E1F1	C=US, O=SSL Corporation, CN=SSL.com Document Signing ECC Root CA 2022
5F0B62EAB5E353EA6521651658FBB65359F443280A4AFBD104D77D10F9F04C07	C=US, O=Equifax Secure Inc., CN=Equifax Secure Global eBusiness CA-1
5F3E53326BAAE806D7728186D92E9BF392D41252866BFBB9B93B131F82B1C42A	C=BE, O=GlobalSign nv-sa, CN=GlobalSign TLS Root R41
5F960EEBD716DBCB4D8A78B996E680EC2547441E69B4E44E98A595502E28A002	C=JP, O=Japan Certification Services, Inc., CN=SecureSign RootCA1
60109BC6C38328598A112C7A25E38B0F23E5A7511CB815FB64E0C4FF05DB7DF7	C=IN, O=India PKI, CN=CCA India 2014
606223D9DB80DF3939601E74B7E828E2800CCE4273F76F276AA62DB0A8E3B6C1	C=KR, O=Government of Korea, OU=GPKI, CN=GPKIRootCA
608142DA5C675DD47C1AA3A26EE329E24E81D5FF3B94017BC1C1A0C37DB4C1A0	C=ZA, ST=Gauteng, L=Johannesburg, O=TrustFactory(Pty)Ltd, OU=TrustFactory PKI Operations, CN=TrustFactory SSL Root Certificate Authority
614FD18DA1490560CDAD1196E2492AB7062EAB1A67B3A30F1D0585A7D6BA6824	C=DE, ST=Hamburg, L=Hamburg, O=TC TrustCenter for Security in Data Networks GmbH, OU=TC TrustCenter Class 1 CA, emailAddress=certificate@trustcenter.de
61DC0C0391694C655200C1505EBCC9E4E216BC31A5C51A3611283423C1D89E37	C=US, O=VeriSign, Inc., OU=Class 4 Public Primary Certification Authority - G2, OU=(c) 1998 VeriSign, Inc. - For authorized use only, OU=VeriSign Trust Network
621A840CDEECFDDB20B2528E5E8AE5CBA6D2FDC23020BC7BA04FA90F54833D74	C=US, O=Entrust, CN=Entrust 4K Client Root CA - 2024
6248199FEA4811FD34AA96EF0A26DE52134B73A9A2A99678F0C2EBADF8663EF8	C=SK, L=Bratislava, O=Disig a.s., CN=CA Disig TLS Root R3
62AD51DFC580A9F96B503D24DE4234FD13DBA61EE37A6D85AEF2BD68595A37B4	C=SK, L=Žilina, O=brainit.sk, s.r.o., OU=NFQES, serialNumber=NTRSK-52577465, CN=CA Signing Certificate
62B9267266212832A8E22DAB933D91C7011274ACF71703F9CC97833751A6E94F	C=ES, O=FNMT, OU=FNMT Clase 2 CA
62F240278C564C4DD8BF7D9D4F6F366EA894D22F5F34D989A983ACEC2FFFED50	C=US, O=Entrust.net, OU=www.entrust.net/CPS incorp. by ref. (limits liab.), OU=(c) 1999 Entrust.net Limited, CN=Entrust.net Secure Server Certification Authority
630419AEC478CBB4BB8083DE9D9CF279752F039DEF16E46471B679CA93002DB0	C=US, O=Digital Signature Trust Co., OU=DSTCA E1
630CCB83B0180A992495E039D2613C3287A8102F8A8D703DB1330A3E86D4E653	C=PL, O=Asseco Data Systems S.A., CN=Certum TLS ECC Root CA
632D80BB096D209677D1734E5B35EA9D3019B9C44F8FCB2640C879039AC94EE8	C=TW, O=TAIWAN-CA, OU=Root CA, CN=TWCA Root Certification Authority
6357353A4BBCA3D5A158C95BE9DC90F0B3E2F6A6310FD5371FCB4C41E5E1BB4C	C=CN, O=UniTrust, CN=UniTrust Global Code Signing RSA Root CA R1
63EE5D2DE73AA95B4D5D0FE0C61A1759537DA69218B941A81D073F42D1337BE4	CN=EADTrust ECC 256 Root CA For Qualified Web DV/OV Cert 2019, O=European Agency of Digital Trust, S.L., C=ES
6468BF8CF3CF688EBB2A6841BD70E97B5229B49DF8690D7B74193E9CE3886141	C=CZ, CN=I.CA - Standard Certification Authority, 09/2009, O=První certifikační autorita, a.s., OU=I.CA - Provider of Certification Services
647987D98D52645DA4D3DE3B80771A0CE02B9B9285E6E86999882170744EC9AA	C=US, O=Entrust, Inc., CN=Entrust 4K EV TLS Root CA - 2022
6485F6E060934AF413EC54B9C65F87BD231929ECFA11DE522BAD8DC64F001571	C=SE, O=Telia Company AB, CN=Telia RSA Client Root CA v3
654FE9B1A5C2265521D4960DBF9ACAFA27FBC77A549EEAA37156960FDA2A6EF9	C=CN, O=China Financial Certification Authority, CN=CFCA Global ECC ROOT
6568BB072D96DE2A8EF8A3E89B6B7EF39A6F8394375DF49E9FF1E56A68EC0342	C=BE, O=GlobalSign nv-sa, CN=GlobalSign TLS Root E41
65AF95F4BE86847344634282F941B2E605063EF0C8542F014CA088D182109E4F	C=US, ST=Washington, L=Redmond, O=Microsoft Corporation, CN=Microsoft Time Stamp Root Certificate Authority 2014
65FBFAF72BD07211F98707C1E1957ACC022BE1A19E1CB086470A2EAF639D11D7	C=US, O=Apple Inc., CN=Apple Public TLS RSA Root CA 1
6639D13CAB85DF1AD9A23C443B3A60901E2B138D456FA71183578108884EC6BF	C=CA, ST=Ontario, L=Toronto, O=Echoworx Corporation, OU=Certification Services, CN=Echoworx Root CA2
668C83947DA63B724BECE1743C31A0E6AED0DB8EC5B31BE377BB784F91B6716F	C=NL, O=Staat der Nederlanden, CN=Staat der Nederlanden Root CA - G2
66960242DB2ED5906E113295F2454F33D6FB418C4C65E8166D43BE64D19BA4FA	C=US, O=Microsoft Corporation, CN=Microsoft EV RSA Root Certificate Authority 2017
66ED1EF9A8248E8B137FC8F5F00E51E6443ED6E366D0FE52FF6702A91ED2B371	C=AE, O=UAE Government, OU=Dubai Electronic Security Center (DESC), CN=UAE Global Root CA G4 E2, organizationIdentifier=VATAE-100027627700003
680524778CAA4A9540657F10108CE55C21F3734C95F5451A9360E7902CA49236	C=US, O=IdenTrust, CN=IdenTrust Code-Sign ECC Root CA 1
6872586219C349D85AAA4586A14451F2451AE3B6092DBB1EFFB0147C33BF0FD4	C=US, O=VeriSign, Inc., OU=Class 3 Public Primary Certification Authority
687EA89089309D2CFE107DB059FB10D676F45D3283AEE056903EEA0CF3C188F8	C=BR, O=ICP-Brasil, OU=Instituto Nacional de Tecnologia da Informacao - ITI, L=Brasilia, ST=DF, CN=Autoridade Certificadora Raiz Brasileira
687FA451382278FFF0C8B11F8D43D576671C6EB2BCEAB413FB83D965D06D2FF2	C=SE, O=AddTrust AB, OU=AddTrust External TTP Network, CN=AddTrust External CA Root
68ADE98FB3C4EEEBC5F84120670FFD260203FC3CBBDD74EA08D7C9CDC531A8A8	C=US, O=IdenTrust, CN=IdenTrust Timestamp ECC Root CA 1
68C8D8AD97E95593A4E2847194E518919913DDC3B6EF8051BA74C4170218658F	CN=VIDA Root CA, O=PT INDONESIA DIGITAL IDENTITY, L=Jakarta Selatan, ST=DKI Jakarta, C=ID
69062701346901A8E73BD846BFD1AE5752D389A85768DFCB04D6DDEEDC1D6B54	C=AE, O=DigitalTrust L.L.C., CN=DigitalTrust Root CA G3
69BE9FCC7AD9717775969D96FF836CBDA6D15876BF758E0B7CACCB1A1BFA3B53	C=PL, O=Asseco Data Systems S.A., CN=Certum Code Signing RSA Root CA
69DDD7EA90BB57C93E135DC85EA6FCD5480B603239BDC454FC758B2A26CF7F79	C=US, O=VeriSign, Inc., OU=VeriSign Trust Network, OU=(c) 2007 VeriSign, Inc. - For authorized use only, CN=VeriSign Class 3 Public Primary Certification Authority - G4
69E2D06C30F366166165E91D68D1CEE5CC47584A80227E76666086C0107241EB	OU=GlobalSign Root CA - R2, O=GlobalSign, CN=GlobalSign
69E6897D10FBE7A1F45CF18BED56F2C185B02F9C1C76598EC6E16E5B6E5F0DB6	CN=CA Vintegris ROOT TrustServices, organizationIdentifier=VATES-B62913926, O=VINTEGRIS SLU, L=HOSPITALET DE LLOBREGAT, ST=BARCELONA, C=ES
69FAC9BD55FB0AC78D53BBEE5CF1D597989FD0AAAB20A25151BDF1733EE7D122	C=US, O=VISA, OU=Visa International Service Association, CN=Visa eCommerce Root
6A170583DB584151E1C454EECA2A64CC5D8E484A5BD1156E720B4458654EE9E5	C=US, O=Microsoft Corporation, CN=Microsoft TLS RSA Root G2
6AE4F0B06B187A7FC2B5815D252B637629734AE64A409CCBB53B14A352563D61	C=US, O=GoDaddy.com, CN=GoDaddy Verified Mark Root CA - VMCR1
6AEA30BC02CA85AFCFEC2F65F60881893C926925FD0704BD8ADA3F0F6EDDB699	C=US, ST=Washington, L=Redmond, O=Microsoft Corporation, CN=Microsoft EV ECC Root Certificate Authority 2017
6AF177B41E97D40C9EA25203533E55C408632E9BD8A4809551001DFF2DC9479B	C=SK, L=Bratislava, O=Disig a.s., CN=CA Disig SMIME Root R4
6B6C1E01F590F5AFC5FCF85CD0B9396884048659FC2C6D1170D68B045216C3FD	C=ZA, ST=Western Cape, L=Durbanville, O=Thawte, OU=Thawte Certification, CN=Thawte Timestamping CA
6B9C91E5A6453375EF905D8F2A5369953065F471664F2E676E2013DF388C9B56	C=CN, O=TrustAsia Technologies, Inc., CN=TrustAsia CS ECC Root CA
6BAF50AE3467EFF3C35FEFDC76A02A97FAB6267723EDA91E99F1B3DC2B28F82E	C=AT, O=A-Trust Ges. f. Sicherheitssysteme im elektr. Datenverkehr GmbH, OU=A-Trust-Qual-03, CN=A-Trust-Qual-03
6BF5533D0DDEAF023D58E401277C26442B1F1AF1A0F2DBBD9B2E3BA3A292FB23	C=NL, O=DigiNotar, CN=DigiNotar Root CA, emailAddress=info@diginotar.nl
6C689FC6B014A1FB0CDEB5A3996171C15E7286106028532E0210CEA8D9CD4E97	C=CN, O=UniTrust, CN=UniTrust Global TLS ECC Root CA R2
6CCFD302FC44BF4599329B9750878EA44E7E8566564BCBD586169762DD10C74E	C=AU, O=GOV, OU=DoD, OU=PKI, OU=CAs, CN=ADOCA02
6D0E47DFDE7CF48308CD4C6C1517DD1AF033DCC72BB0501C04268B03B58A9085	C=IT, O=Actalis S.p.A., CN=Actalis TLS Server RSA Root CA 2025
6D7074CD4393756AC303754DB83041ADF14DBCA9CA0729598BF1370906B271FA	C=CN, O=China Financial Certification Authority, CN=CFCA Global RSA ROOT
6DEA86A1E66620A040C3C5943CB215D2CA87FB6AC09B59707E29D2FACBD66B4E	C=ES, ST=Madrid, L=Madrid, O=IPS Certification Authority s.l. ipsCA, OU=ipsCA, CN=ipsCA Global CA Root, emailAddress=global01@ipsca.com
6E0C78011C5406D8A52E442C97E272E37722BEF47043C666CDA2F940F25744C1	C=TH, O=Electronic Transactions Development Agency, CN=Thailand National Root Certification Authority - G2
6E5E93AE867FD3E3E78304E054D1A6AEAED0295D58C0E3FC4C9FFE310A3488CC	C=us, O=U.S. Government, OU=FBCA, CN=Common Policy
6E6EB29F5EBA910AFFD462FC921D724E526805EFE908AEC45BD409B624E14C09	C=CN, O=China Financial Certification Authority, CN=CFCA Global RSA ROOT G2
6EA1DB6719D6041A06FC0898E5B3CF349A8FA8ECEE85EDB005965628F617F7C8	C=MO, O=Macao Post, CN=Macao Post eSignTrust Root Certification Authority (G02)
6EA54741D004667EED1B4816634AA3A79E6E4B96950F8279DAFC8D9BD8812137	C=US, ST=UT, L=Salt Lake City, O=The USERTRUST Network, OU=http://www.usertrust.com, CN=UTN-USERFirst-Hardware
6EC6614E9A8EFD47D6318FFDFD0BF65B493A141F77C38D0B319BE1BBBC053DD2	C=CH, O=The Federal Authorities of the Swiss Confederation, OU=Services, OU=Certification Authorities, CN=Swiss Government Root CA I
6ED99F7D1B562E464A032C861DBB4137805377FA7F5683F0D4DA992B41306A6C	C=ZA, ST=Western Cape, L=Somerset West, O=South African Post Office Limited, OU=SAPO Trust Centre, CN=SAPO Class 4 Root CA, emailAddress=pkiadmin@trustcentre.co.za
6EF040E36483E5EE9EF3E09A840AC4CCBE3D2333E474A7A8488ECDAC6B7758D7	C=BR, O=ICP-Brasil, OU=Autoridade Certificadora Raiz Brasileira v10, CN=Autoridade Certificadora do SERPRO SSL
6EF914723F089D2ADAFF98D470A3651CCF1768E559FBDCC0FAAA640AA12E5753	O=Microsoft Trust Network, OU=Microsoft Corporation, OU=Microsoft Time Stamping Service Root, OU=Copyright (c) 1997 Microsoft Corp.
6F4E2464D216A1E0B558BB204259B4A545AEB948957AA3EAF11B2F4DE1AFEF10	C=CN, O=UniTrust, CN=UniTrust Global SMIME ECC Root CA R2
6FA7CCE308F5AC3439C9B0D89B76DCAD699EF250258CE86243955DE3286F0D86	C=US, L=New York, O=Ackaia Corporation, OU=www.ackaia.com/trustid, CN=Ackaia Root CA
6FDB3F76C8B801A75338D8A50A7C02879F6198B57E594D318D3832900FEDCD79	C=KR, O=KISA, OU=Korea Certification Authority Central, CN=KISA RootCA 1
6FFF78E400A70C11011CD85977C459FB5AF96A3DF0540820D0F4B8607875E58F	C=US, ST=UT, L=Salt Lake City, O=The USERTRUST Network, OU=http://www.usertrust.com, CN=UTN-USERFirst-Object
70B922BFDA0E3F4A342E4EE22D579AE598D071CC5EC9C30F123680340388AEA5	C=TW, O=Government Root Certification Authority
7286CE249FE9E32BD4752257C17CD8F6991A9C1E6F1A3CC73304ED023E6AE4EB	C=PL, O=Telekomunikacja Polska S.A., OU=Signet Certification Authority, CN=Signet Root CA
732FF5BC473C33EFAAD9B187FB459A732FFBEEA59DF0FDFB8E2FB5DEF4032AFE	C=TR, O=Elektronik Bilgi Guvenligi A.S., CN=E-GUVEN Kok Elektronik Sertifika Hizmet Saglayicisi S2
7353B6D6C2D6DA4247773F3F07D075DECB5134212BEAD0928EF1F46115260941	C=US, O=DigiCert, Inc., CN=DigiCert CS RSA4096 Root G5
739710C5245E33EC8A243A1B20048FC9D5F4528599213845C164D004B8B667F9	C=ES, O=DIRECCION GENERAL DE LA POLICIA, OU=DNIE, CN=AC RAIZ DNIE
73D0CC0F9AA1F84E8F80C04324F182952FCC5CA2454D639D41F314F5461C21DA	C=JP, O=SECOM Trust Systems Co., Ltd., CN=SECOM TLS RSA Root CA 2023
744B1147B4A9A69C32785E9E37C3323241EF29F63E76F1603D6761A783D8A0FE	C=PA, ST=Panama, L=Panama City, O=TrustCor Systems S. de R.L., OU=TrustCor Certificate Authority, CN=TrustCor ECA-1
7468E730E9BAA3A847B45FF0FE8FA49632A273CE1F12159AE1CBE09A2FA52005	C=US, O=Apple Inc., CN=Apple Public Email RSA Root CA 1
74CB3A4EA791AFB0A2D1A0B13301B3BEE0E50AD5C79A1A6F2C663E6F4EE7A484	C=si, O=state-institutions, OU=sigov-ca
75C9D4361CB96E993ABD9620CF043BE9407A4633F202F0F4C0E17851CC6089CD	C=AT, O=A-Trust Ges. f. Sicherheitssysteme im elektr. Datenverkehr GmbH, OU=A-Trust-Qual-02, CN=A-Trust-Qual-02
75D2CE75979CF2A43B172C9F89F733DDA2136031DB4BBF3698B053714C077155	C=IN, O=eMudhra Technologies Limited, CN=emSign Root TSA CA - G3
7600295EEFE85B9E1FD624DB76062AAAAE59818A54D2774CD4C0B2C01131E1B3	C=TW, O=Government Root Certification Authority
76634F73389BDFC9232E345A369DF484563203F0B4F8A5A76E5911991C2CF14F	C=CN, O=BEIJING CERTIFICATE AUTHORITY, CN=BJCA Global Root CA7 G2
767C955A76412C89AF688E90A1C70F556CFD6B6025DBEA10416D7EB6831F8C40	C=US, O=Digital Signature Trust, OU=DST ACES, CN=DST ACES CA X6
76D23E7375016320E08601D5ABC5D933AD836D46F0C544F8096D3B56759517EB	C=US, L=New York, O=Ackaia Corporation, OU=www.ackaia.com/trustid, CN=Ackaia Root CA
76EF4762E573206006CBC338B17CA4BC200574A11928D90C3EF31C5E803E6C6F	C=DE, ST=Hamburg, L=Hamburg, O=TC TrustCenter for Security in Data Networks GmbH, OU=TC TrustCenter Class 3 CA, emailAddress=certificate@trustcenter.de
7707BB2BE9F7CE057060B8308C3BC087B56529B3638EAF5B2A8049C8E15ED720	C=LT, OU=RCSC, O=VI Registru centras- i.k. 124110246, CN=RCSC RootCA
771535D43D4633BD307EB7B8A3966B5DF00707C088089920080C1AE6D3CB0F68	C=NL, O=QuoVadis Trustlink B.V., CN=QuoVadis Signing ECC P384 Root G4
77407312C63A153D5BC00B4E51759CDFDAC237DC2A33B67946E98E9BFA680AE3	C=US, O=America Online Inc., CN=America Online Root Certification Authority 1
77A03F69E4F3955589ACACA06F6773A0D98D16DEA05C6D94EE3EF6FB2BEB7605	C=CZ, CN=I.CA - Standard root certificate, O=Prvni certifikacni autorita a.s.
77E04C9A751C73F23E2A1336112EC8D5153D382A152FED89D7532C3102771F3C	L=Alvaro Obregon, ST=Distrito Federal, C=MX, postalCode=01030, street=Insurgentes Sur 1940, CN=Autoridad Certificadora Raiz de la Secretaria de Economia, OU=Direccion General de Normatividad Mercantil, O=Secretaria de Economia, emailAddress=acrse@economia.gob.mx
7803A2389C92335D92119305FBDA99D6F90F0E84B628934F69D2AB9ACC8568BE	C=US, O=VeriSign, Inc., OU=Class 2 Public Primary Certification Authority
781D64DFA77B00F2C006700B1FDA86BF68B865A603C7A656F92E90C042CA2873	C=SG, O=Netrust Certificate Authority 1, OU=Netrust CA1
7831D95A47D42508CD5C9E6264F9096BAC19F04EB9B7C8BDD35FFFC71C189617	C=US, O=Entrust, Inc., CN=Entrust Verified Mark Root Certification Authority - VMCR1
78833A783BB2986C254B9370D3C20E5EBA8FA7840CBF63FE17297A0B0119685E	C=DE, O=Atos, CN=Atos TrustedRoot Root CA RSA G2 2020
78A656344F947E9CC0F734D9053D32F6742086B6B9CD2CAE4FAE1A2E4EFDE048	C=DE, O=Deutsche Telekom Security GmbH, CN=Telekom Security SMIME RSA Root 2023
7908B40314C138100B518D0735807FFBFCF8518A0095337105BA386B153DD927	C=FI, O=Sonera, CN=Sonera Class2 CA
793CBF4559B9FDE38AB22DF16869F69881AE14C4B0139AC788A78A1AFCCA02FB	C=AT, O=A-Trust Ges. f. Sicherheitssysteme im elektr. Datenverkehr GmbH, OU=A-Trust-nQual-03, CN=A-Trust-nQual-03
794E774638CE7B3CF05EBC8967CF47315316C351DC26387476E0C099C2ED47CC	C=GR, O=Hellenic Academic and Research Institutions CA, CN=HARICA Code Signing ECC Root CA 2021
797E51F883E855D021E5C770566692999407895593235DEF52A011F716F8B6BF	C=US, O=VeriSign, Inc., OU=Class 3 Public Primary Certification Authority - G2, OU=(c) 1998 VeriSign, Inc. - For authorized use only, OU=VeriSign Trust Network
79CD55455296ADFB55CDF0DBE9176985A0B503C544276C5A9305F2EC9B66693A	C=ES, ST=VALENCIA, L=BURJASSOT, O=ISTEC, organizationIdentifier=VATES-A40573396, CN=ACCV ROOT ECC TLS 2024
7A422EC237B4DA7D326C232278F6DBE329B0C9ED5A56AAFCC110A8BC83ED0A96	C=HU, L=Budapest, O=Microsec Ltd., CN=e-Szigno SMIME Root CA 2024
7AF6EA9F753A1E709BD64D0BEB867C11E8C295A56E24A6E0471459DCCDAA1558	C=CH, O=SwissSign AG, CN=SwissSign Gold Root CA - G3
7AFC9D01A62F03A2DE9637936D4AFE68090D2DE18D03F29C88CFB0B1BA63587F	CN=Developer ID Certification Authority, OU=Apple Certification Authority, O=Apple Inc., C=US
7B06AE19E4085CB0B1A24BE8677BCD6CF40A93E5B660500021D6E38243EB6EC4	C=AT, O=A-Trust GmbH, CN=a-sign-Root-SMIME-01
7B1A15D7E5E130C579E68FCA189257F837B5C188F1B2B2A791E967CC88CC6528	C=us, ST=Utah, L=Salt Lake City, O=Digital Signature Trust Co., OU=DSTCA X1, CN=DST RootCA X1, emailAddress=ca@digsigtrust.com
7B1F8D8EFF5D7349FEDB7EAE89C29AACC41704F1503AE3C8C2EBA10225D0F568	C=AT, O=A-Trust, OU=A-Trust-nQual-01, CN=A-Trust-nQual-01
7B9D553E1C92CB6E8803E137F4F287D4363757F5D44B37D52F9FCA22FB97DF86	C=BE, O=GlobalSign nv-sa, CN=GlobalSign Code Signing Root R45
7BA2E6514976AF28A6001CDA8EADE532F7A1AAAF25E4731DF8A04DB00E7801CA	C=US, O=IdenTrust, CN=IdenTrust Commercial Root Timestamp ECC CA 2
7C1CA551312EA02EF1D63A4F5654D03FD04F6F327C8E2E03521A22697AB79843	emailAddress=info@gse.com.co, CN=Autoridad Raiz GSE, OU=PKI, O=GSE, C=CO
7D2BF3489EBC9AD3448B8B0827715A3CBFE3D523E3B56A9B5FC1D2A2DA2F20FE	C=ES, O=Colegio de Registradores de la Propiedad y Mercantiles de España, OU=Certificado Propio, CN=Registradores de España - CA Raíz
7D3B465A6014E526C0AFFCEE2127D2311727AD811C26842D006AF37306CC80BD	C=US, O=America Online Inc., CN=America Online Root Certification Authority 2
7D8CE822222B90C0B14342C7A8145D1F24351F4D1A1FE0EDFD312EE73FB00149	C=FR, O=Certplus, CN=Class 1 Primary CA
7DD78D5F4F13459A83DFF9ABBBA62EDBAF6F2D102BF257FD712F4D9F2746ED8D	C=IN, O=eMudhra Technologies Limited, CN=emSign Root TLS CA - G3
7E76260AE69A55D3F060B0FD18B2A8C01443C87B60791030C9FA0B0585101A38	C=GB, O=Sectigo Limited, CN=Sectigo Public Code Signing Root R46
7EF55518DE6350C3CC618A9837CBAD65DDB6EEF652F79DA71C69F6B8919D3A12	C=IT, O=Actalis S.p.A., CN=Actalis Code Signing ECC Root CA 2025
7F12CD5F7E5E290EC7D85179D5B72C20A5BE7508FFDB5BF81AB9684A7FC9F667	C=HU, ST=Hungary, L=Budapest, O=NetLock Halozatbiztonsagi Kft., OU=Tanusitvanykiadok, CN=NetLock Kozjegyzoi (Class A) Tanusitvanykiado
8095210805DB4BBC355E4428D8FD6EC2CDE3AB5FB97A9942988EB8F4DCD06016	C=SE, O=AddTrust AB, OU=AddTrust TTP Network, CN=AddTrust Qualified CA Root
80AC91FA891C79723A61ABC77F86E19905A92DA27E51695CA0C0B66C1C039BF2	C=NL, O=QuoVadis Trustlink B.V., CN=QuoVadis Client RSA 4096 Root G4
814934F610FBF7B8579DCA297D3EBB3F667F4958E18CDCA75848DE0E4C9CCF7F	C=HU, L=Budapest, O=Microsec Ltd., CN=e-Szigno ECC TSA Root CA 2024
8177D1A82BA501AFDD1E9483AD7DA912EE1E9FCB2A5A061FA3C479FA804CE6BA	C=ES, O=Agencia Notarial de Certificacion S.L. Unipersonal - CIF B83395988, CN=ANCERT Certificados CGN
81C2568503EB3BE5EEC366653960E6D1BE9448915E4605B793FBEB34CCB2470F	C=DE, O=DATEV eG, CN=CA DATEV BT 02
82BD5D851ACF7F6E1BA7BFCBC53030D0E7BC3C21DF772D858CAB41D199BDF595	C=PT, O=DigitalSign Certificadora Digital, CN=DIGITALSIGN GLOBAL ROOT RSA CA
82D42DB3D657F1944E65C192B1DD58DB8DF8417B89165B045F5C6A70C5F8939E	C=TR, O=Elektronik Bilgi Guvenligi A.S., CN=E-GUVEN Kok Elektronik Sertifika Hizmet Saglayicisi S3
8327BC8C9D69947B3DE3C27511537267F59C21B9FA7B613FAFBCCD53B7024000	O=Cisco Systems, CN=Cisco Root CA 2048
838373BE974F0B2E2ED04A7085DCE00378C209F95FC3691C3D7B5E7CD85A1D9D	C=US, O=Apple Inc., CN=Apple Public TLS RSA Root CA 2
83CE3C1229688A593D485F81973C0F9195431EDA37CC5E36430E79C7A888638B	C=US, O=VeriSign, Inc., OU=Class 3 Public Primary Certification Authority - G2, OU=(c) 1998 VeriSign, Inc. - For authorized use only, OU=VeriSign Trust Network
83FDDB2FD9DAE3B21EEBD33CF46251D746F0D6102B683150DD7B98AD8E4BB9F8	C=NL, O=QuoVadis Trustlink B.V., CN=QuoVadis SMIME ECC P384 Root G4
843C2B01DF6A1FDBAF54F7F640F41187F1818A5E429EB457EF627014AF2F5AD6	C=MY, O=MSC Trustgate.com Sdn. Bhd., CN=Trustgate ECC ID Root CA
844B0FFE9BAAEA2FC14397C0C4D2677B5FAE54AEDE1BA061AF94F73DDDAB4E6C	C=CH, O=Swisskey AG, OU=008510000000500000192, OU=Public CA Services, L=Zuerich, CN=Swisskey Root CA
85E0DFAE3E55A843195F8B08C8349050E4689372F6E133AD0D199AF96E95CC08	C=BR, O=Certisign Certificadora Digital Ltda., OU=Certisign Autoridade Certificadora AC1S
85FB2F91DD12275A0145B636534F84024AD68B69B8EE88684FF711375805B348	C=US, ST=UT, L=Salt Lake City, O=The USERTRUST Network, OU=http://www.usertrust.com, CN=UTN - DATACorp SGC
8688E58F4C7A945FADCE7F62BFEF521B82DA7DC38BFDB0163478A5FE42E57870	C=AT, O=A-Trust Ges. f. Sicherheitssysteme im elektr. Datenverkehr GmbH, OU=A-Trust-nQual-03, CN=A-Trust-nQual-03
86AB5A6571D3329ABCD2E4E637668BA89C731EC293B6CBA60F716340A091CEAE	C=US, O=Equifax Secure Inc., CN=Equifax Secure Global eBusiness CA-1
87755CFE88BDB0D1099DCDED3EAE114BA976E664B3248EE3DC649E357F17E8A7	C=US, O=Microsoft Corporation, CN=Microsoft TLS ECC Root G2
87C678BFB8B25F38F7E97B336956BBCF144BBACAA53647E61A2325BC1055316B	C=ZA, ST=Western Cape, L=Cape Town, O=Thawte Consulting cc, OU=Certification Services Division, CN=Thawte Server CA, emailAddress=server-certs@thawte.com
87C715480F2C14A94161D8DF13D670A41B5D8049AD013668D2AAFE27EEC1C545	C=US, O=Apple Inc., CN=Apple Public TLS ECC Root CA 2
88497F01602F3154246AE28C4D5AEF10F1D87EBB76626F4AE0B7F95BA7968799	C=ES, O=Agencia Catalana de Certificacio (NIF Q-0801176-I), OU=Serveis Publics de Certificacio, OU=Vegeu https://www.catcert.net/verarrel (c)03, OU=Jerarquia Entitats de Certificacio Catalanes, CN=EC-ACC
8854E81F9C6B47E438BBAE17E41F8BE4E68589AFD31A48BEE3F203F6DD3DA517	C=CN, O=UniTrust, CN=UniTrust Global Code Signing ECC Root CA R2
885DE64C340E3EA70658F01E1145F957FCDA27AABEEA1AB9FAA9FDB0102D4077	DC=com, DC=microsoft, CN=Microsoft Root Certificate Authority
8918FD0DE9BD3242FD9D6649EDF0E11B03F938F1E966FA393DBE8CD9442C1D0D	C=MY, O=Pos Digicert Sdn. Bhd., OU=457608-K, CN=Pos Digicert Class 2 Root CA G4
894CE6DDB012CB3F736954668DE63F436080E95F17B7A81BD924EB21BEE9E440	C=SI, O=ACNLB
894EBC0B23DA2A50C0186B7F8F25EF1F6B2935AF32A94584EF80AAF877A3A06E	C=US, O=U.S. Government, OU=FPKI, CN=Federal Common Policy CA
89BACB86809F7A1B62097F0D81E26F8CA82261672F04B43D8799D5EB061D2EF8	C=PL, O=Asseco Data Systems S.A., CN=Certum Document Signing ECC Root CA
8A5E4881D42F7475E8EC3726FCD5E51884AA04DAA9FA7ADAC8CD26452CF885D4	C=US, O=Symantec Corporation, CN=Symantec Enterprise Mobile Root for Microsoft
8ABFC40FAEAF13CBC8BB67B61C8D097A321CD2FEE047C54256927E0F8BFEADFD	C=IN, O=eMudhra Technologies Limited, CN=emSign Root Client Auth CA - G1
8B0F0FAA2C00FE0532A8A54E7BC5FD139C1922C4F10F0B16E10FB8BE1A634964	C=BE, O=GlobalSign nv-sa, CN=GlobalSign Client Authentication Root E45
8B3FDB151AF759C566143E07C950EDE4F9E8C7CF808453D33BCB78E52A400AF9	C=SI, O=Halcom, CN=Halcom Root CA
8B45DA1C06F791EB0CABF26BE588F5FB23165C2E614BF885562D0DCE50B29B02	C=CN, O=WoSign CA Limited, CN=CA WoSign ECC Root
8BA1BD9C88EFB3947E60EBE21137F81DF7F09994CEF27F097055018B8194C634	C=DE, O=DATEV eG, CN=CA DATEV INT 03
8C4EDFD04348F322969E7E29A4CD4DCA004655061C16E1B076422EF342AD630E	C=ES, O=Generalitat Valenciana, OU=PKIGVA, CN=Root CA Generalitat Valenciana
8C7209279AC04E275E16D07FD3B775E80154B5968046E31F52DD25766324E9A7	C=SE, O=AddTrust AB, OU=AddTrust TTP Network, CN=AddTrust Class 1 CA Root
8D722F81A9C113C0791DF136A2966DB26C950A971DB46B4199F4EA54B78BFB9F	C=US, O=thawte, Inc., OU=Certification Services Division, OU=(c) 2006 thawte, Inc. - For authorized use only, CN=thawte Primary Root CA
8DA084FCF99CE07722F89B3205939806FA5CB811E1C813F6A108C7D336B3408E	C=DE, O=TC TrustCenter GmbH, OU=TC TrustCenter Class 3 CA, CN=TC TrustCenter Class 3 CA II
8DA75F1327217C88060FD2529EFF2816E50B0C74541EA4EA3DFCEE66A71EFE09	C=DE, O=D-Trust GmbH, CN=D-TRUST Root Class 2 CA 2007
8DBB5A7C06C20EF62DD912A36740992FF6E1E8583D42EDE257C3AFFD7C769399	C=DE, ST=Hamburg, L=Hamburg, O=TC TrustCenter for Security in Data Networks GmbH, OU=TC TrustCenter Class 4 CA, emailAddress=certificate@trustcenter.de
8DE78655E1BE7F7847800B93F694D21D368CC06E033E7FAB04BB5EB99DA6B700	C=TR, L=Ankara, O=TÜRKTRUST Bilgi İletişim ve Bilişim Güvenliği Hizmetleri A.Ş., CN=TÜRKTRUST Elektronik Sertifika Hizmet Sağlayıcısı H6
8E136CE0E77C848F2D2910ABD4E3A764358BB1B7A4932202BC9B915732462D85	C=DE, O=Amazon, CN=Amazon ECDSA 384 Root EU M1
8E5B8BAEDC4D58BE0E301CCCB6ED173C08D7C77CE4350973389FF1AFA11D7A65	C=ES, O=IZENPE S.A., CN=ROOT CA QC IZENPE
8E8C6EBF77DC73DB3E38E93F4803E62B6B5933BEB51EE4152F68D7AA14426B31	C=HU, L=Budapest, O=Microsec Ltd., CN=Microsec e-Szigno Root CA 2009, emailAddress=info@e-szigno.hu
8F1ECDAF29BCD56EDDD6B5D56A07FCAC2B74D4BCD179179144A0365C27DCF14B	CN=SG TRUST SERVICES RACINE, OU=0002 43525289500022, O=SG TRUST SERVICES, C=FR
8F62D7736F99DBD33EE00E10C7E329339C988A5B47EF25F408293CF2426B4D44	C=US, O=Digital Signature Trust Co., OU=DSTCA E2
8F6371D8CC5AA7CA149667A98B5496398951E4319F7AFBCC6A660D673E438D0B	C=GB, O=Sectigo Limited, CN=Sectigo Public Code Signing Root E46
8F6F14912642679E15C8CCBAAAD9BE33156C7F76B42A87E49A67529F2E218A93	C=US, O=Apple Inc., CN=Apple Public Email ECC Root CA 2
8F9D1B7698886782A599B48510651C66A1AA0C5CA3192097BDC68534154BD30D	C=US, O=SSL Corporation, CN=SSL.com VMC RSA Root CA 2024
8F9E2751DCD574E9BA90E744EA92581FD0AF640AE86AC1CE2198C90F96B44823	C=DE, ST=Hamburg, L=Hamburg, O=TC TrustCenter for Security in Data Networks GmbH, OU=TC TrustCenter Class 2 CA, emailAddress=certificate@trustcenter.de
8FDD298D1C93B22BFC42AAB1C3A15F0D01832CA0A1AEF28D5680F06E6C7FD4EF	C=KR, O=KISA, OU=Korea Certification Authority Central, CN=KISA RootCA 3
90370D3EFA88BF58C30105BA25104A358460A7FA52DFC2011DF233A0F417912A	C=US, O=DigiCert, Inc., CN=DigiCert SMIME RSA4096 Root G5
90711D905CFF3C773A7320B5188A960C8A7D9E5966FA73284D64A4BF3E2FDA48	C=CN, O=UniTrust, CN=UniTrust Global Time Stamping ECC Root CA R2
90F3E05396995FF20922C44592DB62D7845E1BF64AEF512CCA75BC669CAA2479	C=DE, O=D-Trust GmbH, CN=D-TRUST Root Class 3 CA 2007
9111240747E1F652F66D1F712A11F698963B491702E312F7513DA3D0FC1E5A28	C=PA, ST=Panama, L=Panama City, O=TrustCor Systems S. de R.L., OU=TrustCor Certificate Authority, CN=TrustCor RootCert CA-2
92966E8344D2FB3A280EB8604D8140774CE1A057C582BEBC834D0302E859BC43	C=US, ST=UT, L=Salt Lake City, O=The USERTRUST Network, CN=USERTrust Legacy Secure Server CA
92A9D9833FE1944DB366E8BFAE7A95B6480C2D6C6C2A1BE65D4236B608FCA1BB	C=US, O=VeriSign, Inc., OU=VeriSign Trust Network, OU=(c) 1999 VeriSign, Inc. - For authorized use only, CN=VeriSign Class 2 Public Primary Certification Authority - G3
92BF5119ABECCAD0B1332DC4E1D05FBA75B5679044EE0CA26E931F744F2F33CF	C=SK, L=Bratislava, O=Disig a.s., CN=CA Disig
92C4DB06C42A130D663574D7741B7F93C806FD6714DCE890E84B568FAE86E64C	C=ZA, ST=Gauteng, L=Johannesburg, O=TrustFactory(Pty)Ltd, OU=TrustFactory PKI Operations, CN=TrustFactory Client Root Certificate Authority
92D8092EE77BC9208F0897DC05271894E63EF27933AE537FB983EEF0EAE3EEC8	C=DK, O=TRUST2408, CN=TRUST2408 OCES Primary CA
92F0D139DC223E4C6AF7FC101637F642B9534F07C326860EADD7A65BD4DAF8A3	C=HU, L=Budapest, O=NETLOCK Kft., CN=NETLOCK Root CA RSA4096
937EF8F12276B3C7A3F58E345D09A6EFF01F862F8D2794441CD84D511825FA0C	C=US, O=Entrust, Inc., CN=Entrust P384 EV TLS Root CA - 2022
93E65EC762F055DC718A332582C41A04430D72E3CB87E8B897B67516F0D1AA39	C=CN, O=UniTrust, CN=UCA Root
94E7B0985F419C3AA8C5EE4260E10EEBFDEDB55DB8F15DB48D61470F252949A0	C=US, O=Federal Aviation Administration, CN=FAA_IDMS_ROOT_CA_R1
956057517FF3BB35049342288C1C9DCE852DACA652B465E9747253B5F93B1F5E	C=KR, O=KISA, OU=ROOTCA, CN=CertRSA01
958ABBAEFF760F4FBF66FF0F2C2708F4739B2C686127239A2C4EC87A68A984C8	C=CH, O=Swiss Government PKI, OU=www.pki.admin.ch, CN=Swiss Government Root CA III
960ADF0063E96356750C2965DD0A0867DA0B9CBD6E77714AEAFB2349AB393DA3	O=Cybertrust, Inc, CN=Cybertrust Global Root
97366DA00BAF6730A84D1A8CBA5BAD7961C46BCE707E09241CC9C4C7E3C64F10	C=US, O=Starfield Technologies, CN=Starfield TLS Root CA - R1
978CD966F2FAA07BA7AA9500D9C02E9D77F2CDADA6AD6BA74AF4B91C66593C50	CN=TÜRKTRUST Elektronik Sertifika Hizmet Sağlayıcısı, C=TR, L=Ankara, O=TÜRKTRUST Bilgi İletişim ve Bilişim Güvenliği Hizmetleri A.Ş. (c) Aralık 2007
97DEE8339708B8A340208EE9830110BF41A27905B996BC75FC0B746B9EE08BDA	C=BD, O=Office of the CCA, OU=Root CA, CN=Root CA Bangladesh 2020
97F654859CBDE586FD90311E82EC7902C238CBA0D6E529564C9C88F44895EC50	C=ES, serialNumber=Q2863006I, O=CONSEJO GENERAL DE LA ABOGACIA, CN=ACA ROOT
983D826BA9C87F653FF9E8384C5413E1D59ACF19DDC9C98CECAE5FDEA2AC229C	C=US, O=IdenTrust, CN=IdenTrust Commercial Root TLS ECC CA 2
997E15C5A4481A8598499753971EE2601D1047C3635AFF21AF4221A817FD2D96	C=DE, O=DATEV eG, CN=CA DATEV INT 02
9A12C392BFE57891A0C545309D4D9FD567E480CB613D6342278B195C79A7931F	C=CH, O=SwissSign AG, CN=SwissSign RSA SMIME Root CA 2022 - 1
9A3FD3176798E842DDCB12C262F11CFACCA70A8B84C6EA6FDA30842A95A94CD8	C=IN, O=India PKI, CN=CCA India 2022
9ACFAB7E43C8D880D06B262A94DEEEE4B4659989C3D0CAF19BAF6405E41AB7DF	C=US, O=VeriSign, Inc., OU=VeriSign Trust Network, OU=(c) 2006 VeriSign, Inc. - For authorized use only, CN=VeriSign Class 3 Public Primary Certification Authority - G5
9B14E8F5F6EA167666E76DCD6BECC190861D5E8970B99A9470F0231236049704	C=ZA, O=LAWtrust, OU=LAW Trusted Third Party Services PTY Ltd., CN=LAWtrust Root Certification Authority 2048
9B1A0250B76DB2087FBF53FFE9914CEFD8FB1003C7DC7B58448E75CF55ACE9CB	C=US, O=Apple Inc., CN=Apple Public Email RSA Root CA 2
9B3D0F84F9E2BF5386CD193C827E98008D2DCEF2FA2C55977428D0473A685387	CN=Sudan National Root CA1, OU=Root CA, O=National Authority for Digital Certification, C=SD
9CEFB0CB7B74E642932532831E0DC8F4D68AD414261FC3F474B795E72A164E57	C=SE, O=Swedish Social Insurance Agency, CN=Swedish Government Root Authority v2
9D190B2E314566685BE8A889E27AA8C7D7AE1D8AADDBA3C1ECF9D24863CD34B9	C=US, O=Symantec Corporation, OU=Symantec Trust Network, CN=Symantec Class 1 Public Primary Certification Authority - G6
9DB930A7BCED5A599DA673D0BB12C4C6C7AB5B3F88F39C24EE20A24716B379DF	C=EU, O=AC Camerfirma SA CIF A82743287, OU=http://www.chambersign.org, CN=Public Notary Root
9DF0EC44F55B36D79D4B53C208BEF8CB63D78DCC8FCAFDE1662312F212204A37	C=US, O=Digital Signature Trust Co., OU=DST (ANX Network) CA
9EAD32C9285FE68BA2C5B0FE427D149B103FDFA1D0958D77C3DA0FF246E853D3	C=DE, O=Amazon, CN=Amazon ECDSA 256 Root EU M1
9F8B05137F20ACDE9B996410F4D0BF7971A1006DC99E094C346D279B93CFF7AE	C=PL, O=Unizeto Technologies S.A., OU=Certum Certification Authority, CN=Certum Trusted Network CA 2
9F8E6DB31E740285E0C2C2DEB09E442BDD4E74BDEEAE2962BC82D1ECB9F39855	C=NL, O=QuoVadis Trustlink B.V., CN=QuoVadis Signing RSA 4096 Root G4
9FBF5FE1A3344935446A95EB45D3DDF34936184121717165F0B84211850DE6F3	street=www.gse.com.co, emailAddress=info@gse.com.co, CN=GSE ECDSA RAIZ, serialNumber=900204278, OU=GSE CA RAIZ R2, O=GESTION DE SEGURIDAD ELECTRONICA S.A, L=Bogota D.C., ST=Distrito Capital, C=CO
A002FF556C601863B08B9AA33A8E6666E97E72BBE552F66EB9F2395C68C7BC98	C=KR, O=KISA, OU=Korea Certification Authority Central, CN=KISA RootCA 4
A01C4F8F68112FA9DAC50B96809A791480168C8ACB9E51C5482D8D3819688557	C=HU, L=Budapest, O=Microsec Ltd., CN=e-Szigno RSA TLS Root CA 2025
A0234F3BC8527CA5628EEC81AD5D69895DA5680DC91D1CB8477F33F878B95B0B	C=US, O=GeoTrust Inc., CN=GeoTrust Universal CA 2
A0459B9F63B22559F5FA5D4C6DB3F9F72FF19342033578F073BF1D1B46CBB912	C=US, O=GeoTrust Inc., CN=GeoTrust Universal CA
A0E90EB2F7DD82993430BF1C4B8423473FD91D4BA494FAA5327900D9094288F1	C=PL, O=Asseco Data Systems S.A., CN=Certum Code Signing ECC Root CA
A1B2DBEB64E706C6169E3C4118B23BAA09018A8427666D8BF0E28891EC051950	C=LU, O=LuxTrust s.a., CN=LuxTrust Global Root
A1F05CCB80C2D710EC7D479ABDCBB879E58D7EDB7149FE78A87884E3D0BAD0F9	C=CN, O=UniTrust, CN=UCA Global Root
A22DBA681E97376E2D397D728AAE3A9B6296B9FDBA60BC2E11F647F2C675FB37	C=JP, O=SECOM Trust Systems CO.,LTD., OU=Security Communication EV RootCA1
A233FA00067C0A31EC80793F6F4623DED687E8FD71241FD560BA292D98AB3737	C=MY, O=MSC Trustgate.com Sdn. Bhd., CN=Trustgate Secure Server Root CA
A31F093053BD12C1F5C3C6EFD498023FD2914D7758D05D698CE084B50626E0E5	C=ch, O=admin, OU=Services, OU=Certification Authorities, CN=Admin-Root-CA
A338ADC2C64F067AA637B2155F5603F3E26FEADC6AF3BEA843CC0DEB0EA11863	C=JP, O=Cybertrust Japan Co., Ltd., CN=Cybertrust iTrust TLS ECCP384 Root CA 2025
A3D7435A18C46B23B6A4F8929CD59050C9168B03A7FAD532626F297CAC5356E4	C=CH, O=The Federal Authorities of the Swiss Confederation, OU=Services, OU=Certification Authorities, CN=Swiss Government Root CA II
A4310D50AF18A6447190372A86AFAF8B951FFB431D837F1E5688B45971ED1557	C=US, O=thawte, Inc., OU=(c) 2007 thawte, Inc. - For authorized use only, CN=thawte Primary Root CA - G2
A45EDE3BBBF09C8AE15C72EFC07268D693A21C996FD51E67CA079460FD6D8873	C=BM, O=QuoVadis Limited, OU=Root Certification Authority, CN=QuoVadis Root Certification Authority
A4B6B3996FC2F306B3FD8681BD63413D8C5009CC4FA329C2CCF0E2FA1B140305	C=US, O=VeriSign, Inc., OU=Class 3 Public Primary Certification Authority
A51E11DA5843D04B1D666CD19DE3542075A1877062216CC956CEC519DAFE87A9	C=PK, O=Electronic Certification Accreditation Council, CN=ECAC TSA Root CA G1
A53125188D2110AA964B02C7B7C6DA3203170894E5FB71FFFB6667D5E6810A36	C=US, O=GTE Corporation, OU=GTE CyberTrust Solutions, Inc., CN=GTE CyberTrust Global Root
A6C51E0DA5CA0A9309D2E4C0E40C2AF9107AAE8203857FE198E3E769E343085C	C=CO, O=Sociedad Cameral de Certificación Digital - Certicámara S.A., CN=AC Raíz Certicámara S.A.
A71272AEAAA3CFE8727F7FB39F0FB3D1E5426E9060B06EE6F13E9A3C5833CD43	C=US, O=Wells Fargo WellsSecure, OU=Wells Fargo Bank NA, CN=WellsSecure Public Root Certificate Authority
A73563E859CBCFA173CF3285DEBF2578EDE15D47A3BEE385861AB7A4FB6D7B6E	C=GR, O=Athens Exchange S.A., CN=ATHEX Root CA
A798A1C70E9B6D50EAA5724A26FAC7991848EDC61BF48D79816BCAFB66972128	C=TN, O=ANCE, OU=ANCE WEB, CN=Agence Nationale de Certification Electronique, emailAddress=ance@certification.tn
A7DEDF5A842167DD12FDAA0F2080E73295B8B8BEA71B2094EA0950945A482FC1	C=CA, O=AffirmTrust, CN=AffirmTrust 4K TLS Root CA - 2022
A8D46EADC1C0582FFD2BDA4C1B58234035D6AD9AC3FC10D7C41DE483088334A1	C=US, ST=New York, O=Certiphire, Inc., CN=Certiphire, Inc.
A91545DBD2E19C4CCDF909AA71900D18C7351C89B315F0F13D05C13A8FFB4687	C=IE, O=Baltimore, OU=CyberTrust, CN=Baltimore CyberTrust Code Signing Root
A9C77AF1BCDFAA3739442B0B2734C68EAF2E9833F0D766FBCAA6F2AEB42DEC02	C=my, O=TM, OU=TM Applied Business Certification Authority, CN=TM Applied Business Root Certificate
AAA048773350488832AABDA6954B33EE28BB2773DD851AB3C4F6F1D2F9F3777B	C=CN, O=BEIJING CERTIFICATE AUTHORITY, CN=BJCA Global Root CA3
AAA15BDDB1C924AD7A7F22F89E5CD3E2C61407A064E011B7CF4CB618716449A4	C=CA, O=Notarius Inc, CN=Notarius Root Certificate Authority
AAD9CEED5AA6B1CEA28596A8E4E1ABED9386D6EBC9D4AAD9ACDE0FA36BA069D0	C=LV, O=VAS Latvijas Pasts - Vien.reg.Nr.40003052790, OU=Sertifikacijas pakalpojumi, CN=VAS Latvijas Pasts SSI(RCA)
AB7036365C7154AA29C2C29F5D4191163B162A2225011357D56D07FFA7BC1F72	C=ZA, ST=Western Cape, L=Cape Town, O=Thawte Consulting cc, OU=Certification Services Division, CN=Thawte Premium Server CA, emailAddress=premium-server@thawte.com
AB936DFD7F171D3A3CBD08F9BEBDC3F3BAAABAA79DF6A908F8A7B0128627F187	C=NO, organizationIdentifier=NTRNO-983163327, O=Buypass AS, CN=Buypass Class 3 Root CA G2 HT
AC0B9F8E3F88C9BA1FACA0B360B6EC3DE1E2C7BE0EB508C063649ABA02061D39	C=TW, O=Chunghwa Telecom Co., Ltd., CN=CHT TrustRoot CA - G1
AC1FAE74B4E97106092131F2E7F746B6734386742BDFD8423731AED14A4CE446	L=Internet, O=VeriSign, Inc., OU=VeriSign Commercial Software Publishers CA
ACF46F98197FE8289B8D616058DE1495366E85F2DACDE7FE973E14A7C9D95574	C=US, O=Apple Inc., CN=Apple Public Email ECC Root CA 1
ACF5C1B04A4BDAEF3B48287D982750D0328BC03F490B99ECFF53C31D7DE971C8	C=JP, O=JIPDEC, OU=JCAN Root CA1, CN=JCAN Root CA1
AD016F958050E0E7E46FAE7DCC50197ED8E3FF0A4B262E5DDCDB3EDDDC7D6578	C=CZ, O=Česká pošta, s.p. [IČ 47114983], CN=PostSignum Root QCA 2
AD7539E5CDC985FA95244055A9202D63460EC921467D034CFDBE87EC6D00FEDC	C=US, O=Wells Fargo WellsSecure, OU=Wells Fargo Bank NA, CN=WellsSecure Public Root Certification Authority 01 G2
AD7DD58D03AEDB22A30B5084394920CE12230C2D8017AD9B81AB04079BDD026B	C=US, O=SSL Corporation, CN=SSL.com Client ECC Root CA 2022
AD960D6A51AF58E1EC09EE05E6DF827A7718379CABF0A5529DE4B01C122908C0	C=BR, O=ICP-Brasil, OU=Autoridade Certificadora Raiz Brasileira v10, CN=AC VALID SSL EV
AE4457B40D9EDA96677B0D3C92D57B5177ABD7AC1037958356D1E094518BE5F2	CN=ComSign CA, O=ComSign, C=IL
AE92E90000541A9EBC101B70B6C33A62F5A53A55BA815E81D31ABDDF03507F5D	C=JP, O=Japan Certification Services, Inc., CN=SecureSign RootCA3
AF6D08EEF3CAC4E1584ABC63C8A9472AC529AF99F3F791319A43776063F58DCA	C=JP, O=Japan Certification Services, Inc., CN=SecureSign RootCA2
AF71A3BCA322E5224DF546895696CE449A8BD2BD130F7A7AE457767F5C23D8F8	L=Bogota AV Calle 26 N 68D-35, C=CO, O=Entidad de Certificacion Digital Abierta Certicamara S.A., CN=CERTICAMARA S.A.
AF8B6762A1E528228161A95D5C559EE266278F75D79E830189A503506ABD6B4C	O=RSA Security Inc, OU=RSA Security 2048 V3
AFE80A97EA11159190E927E08EC2E60C59A40559483A3FEE838A85321B3AEAAD	C=IT, L=Milano, O=Actalis S.p.A./03358520967, CN=Actalis Authentication CA G1
B0428B08C228C43F6F9AA0FC29E9D602ED1098FF6F153C6733383FEA17216528	C=LT, O=Skaitmeninio sertifikavimo centras, OU=CA ROOT Services, CN=SSC GDL CA Root A
B04D708F1AE0456265DD1B66907A2691A28680B853E031DF3DF9083AF71614D7	O=eSign Australia, OU=Public Secure Services, CN=Primary Utility Root CA
B0877AEE2D39274DF831F66FDEEB7717557C258FC9EB55231A9F8A647A75433F	C=ES, O=IZENPE S.A. - CIF A-01337260-RMerc.Vitoria-Gasteiz T1055 F62 S8, L=Avda del Mediterraneo Etorbidea 3 - 01010 Vitoria-Gasteiz, CN=Izenpe.com, emailAddress=Info@izenpe.com
B0BFD52BB0D7D9BD92BF5D4DC13DA255C02C542F378365EA893911F55E55F23C	C=TR, L=Ankara, O=E-Tuğra EBG Bilişim Teknolojileri ve Hizmetleri A.Ş., OU=E-Tugra Sertifikasyon Merkezi, CN=E-Tugra Certification Authority
B21A1663D8FEB6B17D10D739363B8D147EA6D114966CDA584C656A57BAE40826	C=JP, O=Cybertrust Japan Co., Ltd., CN=Cybertrust iTrust VMC RSA4096 Root CA 2025
B2259996FFF735AB35014EF63F3D413190079DD03A0962432635A8695F995305	C=FR, O=NATIXIS, OU=0002 542044524, CN=CESAM
B2F3C4216AF7AFF72462466DC13CD2810DB8EED853EABB9A063A608EFC18FBE8	C=SE, O=Carelink, CN=SITHS CA v3
B32396746453442F353E616292BB20BBAA5D23B546450FDB9C54B8386167D529	C=US, O=Symantec Corporation, OU=Symantec Trust Network, CN=Symantec Class 3 Public Primary Certification Authority - G6
B3C962D34019FB38AB9FE9C62399742AB26C43C2D18CE3F2B13C14321E52964B	C=au, O=SecureNet CA Class B
B40BFA8880A02F93025643C6DBBD39DF194A2854D076E167A2BD8467CF9E2C34	C=ES, ST=VALENCIA, L=BURJASSOT, O=ISTEC, organizationIdentifier=VATES-A40573396, CN=ACCV ROOT RSA TLS 2024
B41D516A5351D42DEEA191FA6EDF2A67DEE2F36DC969012C76669E616B900DDF	x500UniqueIdentifier=SEC-830101-9V9, L=Alvaro Obregon, ST=Distrito Federal, C=MX, postalCode=01030, street=Insurgentes Sur 1940, CN=Autoridad Certificadora Raiz de la Secretaria de Economia, OU=Direccion General de Normatividad Mercantil, O=Secretaria de Economia, emailAddress=acrse@economia.gob.mx
B4410B73E2E6EACA47FBC42F8FA4018AF4381DC54CFAA84450461EED09454DE9	C=ZA, ST=Western Cape, L=Cape Town, O=Thawte Consulting cc, OU=Certification Services Division, CN=Thawte Server CA, emailAddress=server-certs@thawte.com
B478B812250DF878635C2AA7EC7D155EAA625EE82916E2CD294361886CD1FBD4	C=US, O=GeoTrust Inc., OU=(c) 2008 GeoTrust Inc. - For authorized use only, CN=GeoTrust Primary Certification Authority - G3
B49CF652B72E586498DB42CD007500912FD1672AFC3DFF0B11B927EA97D41A2D	C=BG, organizationIdentifier=NTRBG-203397356, O=Evrotrust Technologies JSC, OU=Evrotrust Qualified Root Authority, CN=Evrotrust RSA Root CA
B5BD2CB79CBD1907298D6BDF4842E516D8C78FA6FC96D25F71AF814E16CC245E	C=US, ST=Arizona, L=Scottsdale, O=Starfield Technologies, Inc., OU=http://certificates.starfieldtech.com/repository/, CN=Starfield Services Root Certificate Authority
B6191A50D0C3977F7DA99BCDAAC86A227DAEB9679EC70BA3B0C9D92271C170D3	C=DE, O=Deutsche Telekom AG, OU=T-TeleSec Trust Center, CN=Deutsche Telekom Root CA 2
B644D955FFF29B74E3B5687E908EE7C3C9197BA3336CC6328531F6C057D677FD	C=ES, ST=Barcelona, L=Barcelona (see current address at https://www.anf.es/address/), O=ANF Autoridad de Certificación, OU=ANF Clase 1 CA, serialNumber=G63287510, CN=ANF Server CA
B7A41ED8096D62716BADC7F530942197A9E7E3175CE05D11D01E7AD6C12DCBA7	C=US, O=Entrust, Inc., CN=Entrust SMIME Root CA - 2022
B7B12B171F821DAA990CD0FE5087B128448BA8E5184F84C51E02B5C8FB962B24	C=NO, O=Buypass AS-983163327, CN=Buypass Class 3 CA 1
B80847FDA453BF6ED876CA7BC046A2481909E15B6ED376E665E7AD09F3864E71	C=US, O=Entrust, Inc., CN=Entrust Code Signing Root Certification Authority - CSBR1
B80BF76624198A2D5D282068B49EF370AD901AB3A42897B628EFE6E6980B0A4E	C=NL, O=Staat der Nederlanden, CN=Staat der Nederlanden - G4 Root Publ G-SMIME - 2024
B82210CDE9DDEA0E14BE29AF647E4B32F96ED2A9EF1AA5BAA9CC64B38B6C01CA	C=ES, O=FNMT-RCM, OU=AC RAIZ FNMT-RCM
B8692148FF49C3799FA2347AE28BCC5289623512B67DC19170452ADE24BA51D5	C=CZ, O=První certifikační autorita, a.s., organizationIdentifier=NTRCZ-26439395, CN=I.CA Root CA/ECC 12/2016
B8BBE523BFCA3B11D50F73F7F10B3EC8EC958AA1DC86F66D9541907FF1A110EF	C=MO, O=Macao Post, CN=Macao Post eSignTrust Root Certification Authority
B9BEA7860A962EA3611DAB97AB6DA3E21C1068B97D55575ED0E11279C11C8932	C=FR, ST=France, L=Paris, O=PM/SGDN, OU=DCSSI, CN=IGC/A, emailAddress=igca@sgdn.pm.gouv.fr
BA7F1136389075B8E86C53C095FA14F5C83B6B017A0244ED7637114620D3A3B1	C=ZA, ST=Western Cape, L=Cape Town, O=Thawte Consulting, OU=Certification Services Division, CN=Thawte Personal Premium CA, emailAddress=personal-premium@thawte.com
BB2524567A59325F999CB6A6328C381EA5579DB06E618955AD6F0A1548BA8394	C=US, O=IdenTrust, CN=IdenTrust SMIME ECC Root CA 1
BB6CE72F0E64BFD93ADE14B1BECF8C41E7BC927CAFB477A3A95878C01AA26C3E	C=DE, ST=Hamburg, L=Hamburg, O=TC TrustCenter for Security in Data Networks GmbH, OU=TC TrustCenter Time Stamping CA, CN=TC TrustCenter Time Stamping CA
BBD8B3D745EFB79198D93B9C482B9D934537325729EA2F02C129261F91BE2E3D	C=IN, O=eMudhra Technologies Limited, CN=emSign Root Client Auth CA - G3
BC1B7EECFACFABDB04376FE2BB421F7407EA2144B006D38196B76BB56F013A18	C=CV, O=ICP-CV, OU=SISP-Sociedade Interbancaria e Sistemas de Pagamentos, CN=Entidade de Certificacao Raiz da SISP 01
BC23F98A313CB92DE3BBFC3A5A9F4461AC39494C4AE15A9E9DF131E99B73019A	L=ValiCert Validation Network, O=ValiCert, Inc., OU=ValiCert Class 3 Policy Validation Authority, CN=http://www.valicert.com/, emailAddress=info@valicert.com
BC2ABBC49A6814370D17E471141C22794311C4DDDF2567BE37283A894392E5D3	C=LT, O=Skaitmeninio sertifikavimo centras, OU=VS ROOT Services, CN=SSC GDL CA VS Root
BC7C4E46DA2DCF0C25866027B7D164D8EA0D2E82DECA3B520A67070947B7B5D4	C=US, O=IdenTrust, CN=IdenTrust Commercial Root Code Signing RSA CA 2
BCDD8DF4276366D7FF4B688DC81500D8E98252C049C8FF1E8C82F2BAEC9D5C16	C=HK, O=Hongkong Post, CN=Hongkong Post Root CA
BD469FF45FAAE7C54CCBD69D3F3B002255D9B06B10B1D0FA388BF96B918B2CE9	C=US, O=VeriSign, Inc., OU=Class 2 Public Primary Certification Authority
BD81CE3B4F6591D11A67B5FC7A47FDEF25521BF9AA4E18B9E3DF2E34A7803BE8	C=GB, ST=Greater Manchester, L=Salford, O=Comodo CA Limited, CN=Secure Certificate Services
BE947BEBD25B74A586A7DDCF776752952A4C52FF9A8006E9186575ECC0D2C571	L=Internet, O=VeriSign, Inc., OU=VeriSign Individual Software Publishers CA
BEBCE57DCB85F60A93BFA5019EDB1A294BF6D81F82D9B4E71F502F0B15A1FC08	C=TW, O=Chunghwa Telecom Co., Ltd., CN=ePKI EV SSL Certification Authority - G1
BEF256DAF26E9C69BDEC1602359798F3CAF71821A03E018257C53C65617F3D4A	C=ES, O=Firmaprofesional SA, organizationIdentifier=VATES-A62634068, CN=FIRMAPROFESIONAL CA ROOT-A WEB
BF0FEEFB9E3A581AD5F9E9DB7589985743D261085C4D314F6F5D7259AA421612	C=JP, O=Japan Certification Services, Inc., CN=SecureSign RootCA11
C0C05A8D8DA55EAF27AA9B910B0A6EF0D8BBDED346928DB872E182C2073E9802	C=CZ, CN=I.CA - Qualified Certification Authority, 09/2009, O=První certifikační autorita, a.s., OU=I.CA - Accredited Provider of Certification Services
C0C816BC038F0226227F083B03FB0F4EE677C962DC19E958BA329E3B7A90CCB1	C=FR, O=Certigna, CN=Certigna Email Protection Root CA
C109E0D1B64000B01E894BDAA955E1FF91B6D084A838D90E044B9E3FCD2A8BFA	C=CL, ST=Region Metropolitana, L=Santiago, O=E-CERTCHILE, OU=Autoridad Certificadora, emailAddress=sclientes@ccs.cl, CN=E-CERT ROOT CA
C1727F3B673E6AE7F12F23D789A7BE38B918223EF6911C592DA1F583444A547E	C=GR, O=ATHENS STOCK EXCHANGE, CN=ATHEX Root CA G2
C1B12F480020336E5B04F520BC19C2E2E10AB42C9D9235F05CBEC33FFA4D4DEA	C=FR, O=Certplus, CN=Class 3 Primary CA
C1B48299ABA5208FE9630ACE55CA68A03EDA5A519C8802A0D3A673BE8F8E557D	C=GB, O=Trustis Limited, OU=Trustis FPS Root CA
C1CF0B52096435E3F1B71DAAEC455A2311C8404F5583A9E213C69D857D943305	C=ES, L=C/ Muntaner 244 Barcelona, CN=Autoridad de Certificacion Firmaprofesional CIF A62634068, emailAddress=ca@firmaprofesional.com
C1D80CE474A51128B77E794A98AA2D62A0225DA3F419E5C7ED73DFBF660E7109	C=ES, ST=MADRID, L=MADRID, OU=see current address at www.camerfirma.com/address, OU=GLOBAL CHAMBERSIGN ROOT - 2016, serialNumber=A82743287, organizationIdentifier=VATES-A82743287, O=AC CAMERFIRMA S.A., CN=GLOBAL CHAMBERSIGN ROOT - 2016
C2959DB8339E8DBCF6409CA92A66C49FD2E32494940A901143BD7EB72827DEC2	C=CO, L=Carrera 9 16-21 Bogota, O=Certicamara S.A. Entidad de Certificacion, CN=Certificado Empresarial Clase-A
C2FB44D8DEF85126D84FC41FBE667BC811F0D633411CAC26D13FBD95EA5BE603	C=SE, O=Telia Company AB, CN=Telia RSA Signing Root CA v3
C31EEF5682ABB551EBC828DED84098518A6768526D152EE164CFB972A1425D53	C=LT, O=Skaitmeninio sertifikavimo centras, OU=CA ROOT Services, CN=SSC GDL CA Root B
C34A33850EF7B75CBC5922D841DC6B23357CDB421BB0556F01965410D48577F0	C=BE, CN=Government CA, serialNumber=201402
C34C5DF53080078FFE45B21A7F600469917204F4F0293F1D7209393E5265C04F	C=IN, O=India PKI, CN=CCA India 2015 SPL
C38DCB38959393358691EA4D4F3CE495CE748996E64ED1891D897A0FC4DD55C6	C=US, ST=UT, L=Salt Lake City, O=The USERTRUST Network, OU=http://www.usertrust.com, CN=UTN-USERFirst-Network Applications
C3C040E805CE774763501CCF47B617275215B7DBF777C58B950FD4650673F3BB	C=US, O=Viking Cloud, Inc., CN=VikingCloud TLS ECC Root 1
C3FBF37259AF0954EEEA4282DD1C7226A54E7150F7C29A2C495BA34DBFE09CA0	C=BE, CN=Belgium Root CA4
C40621D2F61C51CE082A8697653D966441A52AAA6523482ED93F87A07EA8BF30	C=IT, O=Actalis S.p.A., CN=Actalis Time Stamping RSA Root CA 2025
C40EBDCD75A90E4B7496ABB23E789A48E33C03284F75D95130575AE6860AE13C	C=GR, O=Hellenic Academic and Research Institutions CA, CN=HARICA Code Signing RSA Root CA 2021
C470CF547E2302B977FB29DD71A89A7B6C1F60777B0329F56017F328BF4F6BE6	CN=TÜRKTRUST Elektronik Sertifika Hizmet Sağlayıcısı, C=TR, L=Ankara, O=TÜRKTRUST Bilgi İletişim ve Bilişim Güvenliği Hizmetleri A.Ş. (c) Kasım 2005
C499F6CECC5DA4D61F14ED0405270C5249D0E79615B0DA42659ED2D7FFEF8A40	CN=TÜRKTRUST Elektronik İşlem Hizmetleri, C=TR, L=ANKARA, O=(c) 2005 TÜRKTRUST Bilgi İletişim ve Bilişim Güvenliği Hizmetleri A.Ş.
C665175BD60ED70A5EEA3344CBE5D1A6936F79BC27A8384E4C734200417C279F	CN=esignit.org
C6C5D3A07C1246A03F7EEAF026D70CD310B06714C0FF2AE89DDDAB09FC385DED	C=BR, O=Soluti, CN=Soluti Global Root CA
C766A9BEF2D4071C863A31AA4920E813B2D198608CB7B7CFE21143B836DF09EA	C=IL, O=StartCom Ltd., OU=Secure Digital Certificate Signing, CN=StartCom Certification Authority
C7796BEB62C101BB143D262A7C96A0C6168183223EF50D699632D86E03B8CC9B	C=CN, O=TrustAsia Technologies, Inc., CN=TrustAsia SMIME RSA Root CA
C792B395CBF26E9B6F047A4C8A427CC0ECF2432C8858ABBA9D9F0354E4DD4F74	C=JP, organizationIdentifier=NTRJP-3010401064771, O=Cybertrust Japan Co., Ltd., CN=Cybertrust iTrust Signature ECCP384 Root CA 2025
C795FF8FF20C966688F064A1E091421D3110A3456C17EC2404B998738741F622	C=TN, CN=Tunisian Root Certificate Authority - TunRootCA2, O=National Digital Certification Agency
C7B8948FECCAACE5B509A343F38D0301D07901885604B3F267270E1EBBEF0FE7	C=CA, O=Notarius Inc, CN=Notarius Root Certificate Authority
C7BA6567DE93A798AE1FAA791E712D378FAE1F93C4397FEA441BB7CBE6FD5995	C=IL, O=StartCom Ltd., CN=StartCom Certification Authority G2
C7BC8A2EDA3A3892C37EFC6CA69C3E0FF8E5EF6ECE284C38DB3B36571340B970	C=HU, L=Budapest, O=Microsec Ltd., CN=e-Szigno ECC Client Root CA 2026
C9710F7D30B84120EBC85861C69F3A48518066E2E9ADCF9BD4CAA1D39FDE452D	C=AE, O=UAE Government, OU=Dubai Electronic Security Center (DESC), CN=UAE Global Root CA G4 E2, organizationIdentifier=VATAE-100027627700003
CA2D82A08677072F8AB6764FF035676CFE3E5E325E012172DF3F92096DB79B85	C=US, O=GeoTrust Inc., CN=GeoTrust Global CA 2
CA7791D5C9A1580DCDCAD31D0549FEA2043E229AA4F4932CFA056CA23EB8A950	C=US, ST=Washington, L=Redmond, O=Microsoft Corporation, CN=Microsoft Code Verification Root
CA7A5E68C53D2C51F72F6B465D3ED753F5903EC7901C8D0F55D868337C81975A	CN=Autoridad de Certificacion Raiz del Estado Venezolano, C=VE, L=Caracas, ST=Distrito Capital, O=Sistema Nacional de Certificacion Electronica, OU=Superintendencia de Servicios de Certificacion Electronica, emailAddress=acraiz@suscerte.gob.ve
CAA53FC6091C6951887C976E378F6EF89AA6377C55D97B6475422B71ED7E9B17	C=BR, O=ICP-Brasil, OU=Instituto Nacional de Tecnologia da Informacao - ITI, CN=Autoridade Certificadora Raiz Brasileira v5
CB627D18B58AD56DDE331A30456BC65C601A4E9B18DEDCEA08E7DAAA07815FF0	C=US, O=Symantec Corporation, OU=Symantec Trust Network, CN=Symantec Class 2 Public Primary Certification Authority - G6
CBB5AF185E942A2402F9EACBC0ED5BB876EEA3C1223623D00447E4F3BA554B65	C=US, O=VeriSign, Inc., OU=VeriSign Trust Network, OU=(c) 1999 VeriSign, Inc. - For authorized use only, CN=VeriSign Class 1 Public Primary Certification Authority - G3
CBD8ED38D4A2D677D453D70DD8890AF4F6374CBA6299943F1AB3A6936C6FD795	C=BR, O=ICP-Brasil, OU=Instituto Nacional de Tecnologia da Informacao - ITI, CN=Autoridade Certificadora Raiz Brasileira v1
CCC89489371BAD111C90619BEA240A2E6DADD99F9F6E1D4D41E58ED6DE3D0285	C=FR, O=Certplus, CN=Class 3P Primary CA
CCD72F5B8DC8743DB97FD0C2A24B6DF760088CC68F8EB8A1F817C74516612EF8	C=US, O=DigiCert, Inc., CN=DigiCert TLS ECC P384 Root G6
CCF6A7C3881928CFB1DBEBD74EABA50D3BC69633C106274D2C221ECCEE697E87	C=SE, O=Telia Company AB, CN=Telia EC Client Root CA v3
CD0B3B2AA174B55F18C7502F3C3A76F2198175CE45637370CF4F48B9C2CE4FBF	C=LV, OU=Sertifikacijas pakalpojumu dala, CN=E-ME SSI (RCA)
CD201256FE5CED0BFFF8DF595FFF36B1416D5313A999F532EF4A9915DF96DEE0	DC=rs, DC=posta, DC=ca, CN=Configuration, CN=Services, CN=Public Key Services, CN=AIA, CN=Posta CA Root
CD375EAFFCCD17DC202AB5FD24B3D23AD023E501E5F3C6E8A8715F8D6F50BEED	C=IL, O=SSLCom Group ltd., OU=Certificate Services, CN=SSLCom Root G1
CD808284CF746FF2FD6EB58AA1D59C4AD4B3CA56FDC6274A8926A7835F32313D	C=FI, O=Sonera, CN=Sonera Class1 CA
CD851C5C25467C0095A43927D0B2292D932975E84DCE4C5E794542C6574C3AA4	C=US, O=DigiCert, Inc., CN=DigiCert Client ECC P384 Root G5
CE7DD096C8FDE2BF5C438EDB574BD6454385334EE8FF106C0F93D5051BE6BAC3	C=FR, O=Certplus, CN=Class 3TS Primary CA
CEF71E70B7C29ADDF6C30CD19E614B38FD5F02A435A0EEDDD0087E183D101A51	C=IN, O=eMudhra Technologies Limited, CN=emSign Root TLS CA - G1
CF1794A62DC233D6CFBBF09198322AB8899B0B3F493419ACA1DBFC0D562B9B5B	C=HU, L=Budapest, O=NETLOCK Kft., CN=NETLOCK Root CA ECC
CF56FF46A4A186109DD96584B5EEB58A510C4275B0E5F94F40BBAE865E19F673	C=US, O=Equifax Secure Inc., CN=Equifax Secure eBusiness CA-1
CFAAD6151A464E1232C6C39D3CBF0063036119291339EE752EBA21AE52FA7A4B	C=PA, ST=Panama, L=Panama City, O=TrustCor Systems S. de R.L., OU=TrustCor Certificate Authority, CN=TrustCor RootCert CA-2
D02A0F994A868C66395F2E7A880DF509BD0C29C96DE16015A0FD501EDA4F96A9	C=CH, O=OISTE Foundation, CN=OISTE Client Root RSA G1
D17CD8ECD586B712238A482CE46FA5293970742F276D8AB6A9E46EE0288F3355	C=US, O=VeriSign, Inc., OU=Class 1 Public Primary Certification Authority
D19A2D325933CB1E3A853D8F4A6D2450E060473EBDAB02D74E22E9A1B7F32A87	C=IL, O=SSLCom Group ltd., OU=Certificate Services, CN=Almost Free SSL RootCA G1
D1A0319098034E3AEC729A0B5C3111229D9D26E3E623E8C5E6843FA06EE8E2E4	C=JP, O=LGPKI, CN=Application CA G4 Root
D279C01A12E8DD9A6230E459FAA447CEB336998477338C2EE4135C96737418EB	CN=I.CA Root CA/RSA 05/2022, O=První certifikační autorita, a.s., organizationIdentifier=NTRCZ-26439395, C=CZ
D2A90E5D35CAC4D41F7D44CE66AFF885E1815FB339185853A87E66C05C9BEF1E	C=CO, O=Sociedad Cameral de Certificación Digital - Certicámara S.A., CN=AC Raíz Certicámara S.A.
D2A934AE739B8B8B0C1D3857C324DE595EEB1DCAFD086A4A7E99DC08D77AF0CA	C=ES, O=IZENPE S.A., CN=ROOT CA QC IZENPE 2025
D2DBB1E65DE7FA8E13EF96B954C1E1FEE4349626A822DE814F11A17C133D808B	C=AE, O=UAE Government, CN=UAE Global Root CA G3
D309931736C8F5AAF3C20ADA97FDAF11B5E2D7FD174DC97286ACD613A40AEA55	C=US, O=IdenTrust, CN=IdenTrust Commercial Root Timestamp RSA CA 2
D3C07AC44BD8FF1975BC62F1C7E9840EA8E188A4BA51133B8C4EFF05E34A2729	C=NL, O=QuoVadis Trustlink B.V., CN=QuoVadis Client ECC P384 Root G4
D40E9C86CD8FE468C1776959F49EA774FA548684B6C406F3909261F4DCE2575C	C=PA, ST=Panama, L=Panama City, O=TrustCor Systems S. de R.L., OU=TrustCor Certificate Authority, CN=TrustCor RootCert CA-1
D41D829E8C1659822AF93FCE62BFFCDE264FC84E8B950C5FF275D052354695A3	C=NL, O=Staat der Nederlanden, CN=Staat der Nederlanden Root CA
D487A56F83B07482E85E963394C1ECC2C9E51D0903EE946B02C301581ED99E16	C=CN, O=WoSign CA Limited, CN=Certification Authority of WoSign G2
D4E2F21AB0DF3F0456E29A0F3405FA3798F2152E8CD09EDF3BC4ABC28C70951C	C=PK, O=Electronic Certification Accreditation Council, CN=ECAC SMIME Root CA G1
D5917A7791EB7CF20A2E57EB98284A67B28A57E89182DA53D546678C9FDE2B4F	C=GB, O=Sectigo Limited, CN=Sectigo Public Email Protection Root R46
D6F034BD94AA233F0297ECA4245B283973E447AA590F310C77F48FDF83112254	C=CN, O=WoSign CA Limited, CN=CA 沃通根证书
D7A5514D93F7D53BD27DE2051F8E1FF71CA0AC78FACFE46A8BCCA4589984AE64	C=JP, O=Japanese Government, organizationIdentifier=NTRJP-8000012010038, CN=Japanese Government Root CA
D80FEF910AE3F104723B045CEC2D019F441CE6213ADF156791E70C1790110A31	C=DE, O=Deutscher Sparkassen Verlag GmbH, OU=S-TRUST Certification Services, CN=S-TRUST Universal Root CA
D8E0FEBC1DB2E38D00940F37D27D41344D993E734B99D5656D9778D4D8143624	C=PL, O=Unizeto Sp. z o.o., CN=Certum CA
D92C171F5CF890BA428019292927FE22F3207FD2B54449CB6F675AF4922146E2	C=DE, O=D-Trust GmbH, CN=D-Trust SBR Root CA 1 2022
D95FEA3CA4EEDCE74CD76E75FC6D1FF62C441F0FA8BC77F034B19E5DB258015D	C=ch, O=Swisscom, OU=Digital Certificate Services, CN=Swisscom Root EV CA 2
D9A32485A8CCA85539CEF12FFFFF711378A17851D73DA2732AB4302D763BD62B	C=CH, O=OISTE Foundation, CN=OISTE Client Root ECC G1
DA45C759287024D825E94E7964B80D0557BC84CCBCB4BAC8267066F2AED48725	C=RO, O=CERTSIGN S.A., CN=certSIGN ROOT CA G4
DB3C05E9C55D5259B057474D7F7F3E54A2A51AFAA71EC5C41D8C3CBE68108799	C=US, O=GoDaddy Inc, CN=GoDaddy Root Certificate Authority - G6
DBA84DD7EF622D485463A90137EA4D574DF8550928F6AFA03B4D8B1141E636CC	C=DE, O=D-Trust GmbH, CN=D-Trust SBR Root CA 2 2022
DC4261667AFE21DDD01CFA52D2CCADFD70ABAF26315DC6A15A32B76C899AE261	C=HU, L=Budapest, O=NETLOCK Kft., CN=NETLOCK TLS ECC CA, organizationIdentifier=VATHU-12201521
DD6C44B39401B053DBE61120748BBB0F6056007665C168E5C286750EDC8DF129	C=US, O=Entrust, Inc., CN=Entrust 4K TLS Root CA - 2022
DDBF149733BC2BF8A09D7F012B01A6DEA11D7BAE26713783EF6407A2495BF189	C=US, ST=FL, L=Jacksonville, O=Network Solutions L.L.C., CN=Network Solutions RSA Certificate Authority
DDFF53ECD7743B60BB7B2795FF5732FA785F9A14DF1120FB40A38CF84CA2A566	C=BE, O=Certipost s.a./n.v., CN=Certipost E-Trust TOP Root CA
DE1AF143FFA160CF5FA86ABFE577291633DC264DA12C863C5738BEA4AFBB2CDB	C=US, O=Microsoft Corporation, CN=Microsoft EV ECC Root Certificate Authority 2017
DFB3C314740596AD5FB97960EF62AD7C1FCCEEAD16E74054652D1032E6F140EF	C=US, ST=Washington, L=Redmond, O=Microsoft Corporation, CN=Microsoft EV RSA Root Certificate Authority 2017
E04B3A15B67BD1A95A9845C662986EB44D986EDDEB371D6DDE5718BDBDD19F10	C=GB, O=Aretiico Group PLC, CN=Aretiico TLS Root CA G1
E0562C0CD4CD5959DB2AB9D8E7426B248FD75534F5D50CFAF8CB312239F93086	C=US, O=GoDaddy Inc., CN=GoDaddy Root Certificate Authority - G5
E0AFBD2C0EE95A68CD9A3C590B2D3FE07C0A6D0BE796AE5291E424D47792178E	serialNumber=G63287510, CN=ANF Global Root CA, C=ES, OU=ANF Clase 1 CA, O=ANF Autoridad de Certificacion
E0E17AEA06CF9CE12AAE8190345A2C59720130A7D8FF72F3745AD75DBAA365B6	C=ES, ST=Barcelona, L=Barcelona (see current address at http://www.anf.es/es/address-direccion.html ), O=ANF Autoridad de Certificacion, OU=ANF Clase 1 CA, emailAddress=info@anf.es, serialNumber=G63287510, CN=ANF Global Root CA
E101E956077165D11C92AB0F38ABDFF2E9190A38E2D8D9B6F2B9F444043C5B01	C=PA, ST=Panama, L=Panama City, O=TrustCor Systems S. de R.L., OU=TrustCor Certificate Authority, CN=TrustCor RootCert CA-1
E14FFCAD5B0025731006CAA43A121A22D8E9700F4FB9CF852F02A708AA5D5666	C=US, O=ISRG, CN=Root YE
E17890EE09A3FBF4F48B9C414A17D637B7A50647E9BC752322727FCC1742A911	C=IL, O=StartCom Ltd., OU=Secure Digital Certificate Signing, CN=StartCom Certification Authority
E17DB396AFC136FF1D6DCDA4BB443DA2D817131855BE1C4B6FECEA221036722A	C=US, O=SSL Corporation, CN=SSL.com Code Signing ECC Root CA 2022
E1DBC3C7633EF9FB1408081F2279DA1BAF19DEEFF52201F6A4090A2199B9D868	C=FR, O=Certigna, CN=Certigna Server Authentication EU Root CA
E28097721A8CAB8880AF80FDEF8902B1F15BC7473AD68EC22991257A910D9EA2	CN=Digidentity Services Root CA, O=Digidentity B.V., C=NL
E28393773DA845A679F2080CC7FB44A3B7A1C3792CB7EB7729FDCB6A8D99AEA7	C=CN, O=CNNIC, CN=CNNIC ROOT
E3268F6106BA8B665A1A962DDEA1459D2A46972F1F2440329B390B895749AD45	C=ES, ST=Barcelona, L=Barcelona (see current address at http://www.anf.es/es/address-direccion.html ), O=ANF Autoridad de Certificacion, OU=ANF Clase 1 CA, emailAddress=info@anf.es, serialNumber=G63287510, CN=ANF Global Root CA
E38655F4B0190C84D3B3893D840A687E190A256D98052F159E6D4A39F589A6EB	C=DE, O=Atos, CN=Atos TrustedRoot Root CA ECC G2 2020
E389360D0FDBAEB3D250584B4730314E222F39C156A020144E8D960561791506	C=US, O=VeriSign, Inc., OU=VeriSign Trust Network, OU=(c) 1999 VeriSign, Inc. - For authorized use only, CN=VeriSign Class 4 Public Primary Certification Authority - G3
E44DDB7952261F15005CD60C1D0C38C18CBFD17C273A31F8ED4C8F53E2685F32	C=GB, O=Sectigo Limited, CN=Sectigo Public Time Stamping Root E46
E4C73430D7A5B50925DF43370A0D216E9A79B9D6DB8373A0C69EB1CC31C7C52A	C=TR, L=Gebze - Kocaeli, O=Türkiye Bilimsel ve Teknolojik Araştırma Kurumu - TÜBİTAK, OU=Ulusal Elektronik ve Kriptoloji Araştırma Enstitüsü - UEKAE, OU=Kamu Sertifikasyon Merkezi, CN=TÜBİTAK UEKAE Kök Sertifika Hizmet Sağlayıcısı - Sürüm 3
E57210AB812C8DF308267CB4291B98E956597CA36EC2B95189EF1723396BCAC8	C=us, ST=Utah, L=Salt Lake City, O=Digital Signature Trust Co., OU=DSTCA X2, CN=DST RootCA X2, emailAddress=ca@digsigtrust.com
E57B7E6F150C419102E8D5C055729FF967B9D1A829BF00CEC89CA604EBF4A86F	C=US, O=ISRG, CN=Root YR
E5BDA820E5CE15BFD07BA11FFB1C7C8A5910CE1B90175C34308BC2500453CCDC	C=BR, O=Serasa S.A., OU=Serasa CA III, CN=Serasa Certificate Authority III
E5C01CB4093279FAA19FCFA24EA43EB1B26D07A615ADF7240184A1E716B761C9	C=KR, O=Government of Korea, OU=GPKI, CN=Root CA
E606DDEEE2EE7F5CDEF5D9058FF8B7D0A9F042877F6A171ED8FF6960E4CC5EA5	C=HU, L=Budapest, O=NetLock Halozatbiztonsagi Kft., OU=Tanusitvanykiadok, CN=NetLock Minositett Kozjegyzoi (Class QA) Tanusitvanykiado, emailAddress=info@netlock.hu
E609078465A419780CB6AC4C1C0BFB4653D9D9CC6EB3946EB7F3D69997BAD598	C=TR, O=Elektronik Bilgi Guvenligi A.S., CN=e-Guven Kok Elektronik Sertifika Hizmet Saglayicisi
E6432FCE6B48F4E889B2FE183F8B480F72ECF80F57389B0E9C6E89CF04AD69D1	C=US, O=VISA, CN=Visa TLS Root CA
E65E4673E068C1D0A4CD69968BA700BAF43FB2D7B7F19A7A55B700DF8321856E	C=BD, O=Office of the CCA, OU=Root CA, CN=Root CA Bangladesh 2018
E68729013A50404DC1BAF7127B3D3C98A8FF392B735D0B1140858D5B91C3BE65	C=AE, O=DarkMatter LLC, CN=DarkMatter Root CA G3
E6B8F8766485F807AE7F8DAC1670461F07C0A13EEF3A1FF717538D7ABAD391B4	C=DE, O=TC TrustCenter GmbH, OU=TC TrustCenter Class 2 CA, CN=TC TrustCenter Class 2 CA II
E6E4A951ECBF7D8EDC01BC873F7B6FD35868BDB10ED786F3A1B1EE16D8CEC3E9	C=LT, O=Skaitmeninio sertifikavimo centras, OU=Certification Authority, CN=SSC Root CA C
E766F25782559C75324FDCCC53DDED1DE0A7BB16791CCBD0657EA873BECDACCA	C=MY, O=MSC Trustgate.com Sdn. Bhd., CN=Trustgate SMIME Enterprise ECC Root CA
E7685634EFACF69ACE939A6B255B7B4FABEF42935B50A265ACB5CB6027E44E70	C=US, O=VeriSign, Inc., OU=Class 3 Public Primary Certification Authority
E807D49A859ABBC861C72CA907D443AD0FE87EAB9D99B913F2CB5B4AADABE641	C=US, O=SSL Corporation, CN=SSL.com Document Signing RSA Root CA 2022
E873D4082A7B4632934F48A5CC1EE500932F661E56C3467C5C84D31447476B0C	C=us, ST=Utah, L=Salt Lake City, O=Digital Signature Trust Co., OU=United Parcel Service, CN=DST (UPS) RootCA, emailAddress=ca@digsigtrust.com
E874FE2531EAE4A4B6B62F37496BBAE90EB1D8FC8CEDBEBB00A182CFACDC7E61	C=US, O=Entrust, Inc., CN=Entrust Digital Signing Root Certification Authority - DSR1
E8A2F441657678975F2B97D775719C7D49D92234554540EC14D92E16FE27D2CB	C=AT, O=A-Trust Ges. für Sicherheitssysteme im elektr. Datenverkehr GmbH, OU=A-Trust-Qual-01, CN=A-Trust-Qual-01
E8B28D2A3D81F63B4E4467C2190A631FC062353B5F2D25851DDA6B644AC78B3F	C=BR, O=Certisign Certificadora Digital Ltda., OU=Certisign - Autoridade Certificadora - AC2
E8C6AA6B5F58A8F2A6365CF98E65693563A38B7B2F32CF1BE06F2D2229D4BF59	C=DE, O=D-Trust GmbH, CN=D-TRUST Qualified Root CA 1 2007:PN
E8E8176536A60CC2C4E10187C3BEFCA20EF263497018F566D5BEA0F94D0C111B	C=US, O=DigiCert, Inc., CN=DigiCert SMIME ECC P384 Root G5
E90DBEB2D360CC6F98994EEFC68C4147F2DFD9C68A3BF063C6A971F3E11BAF4E	C=JP, organizationIdentifier=JCN3010401064771, O=Cybertrust Japan Co., Ltd., CN=Cybertrust iTrust Root Certification Authority
EA7E312ECE487B4C0AA63CC80AB9FCB33C720573F8945F7761745FC63863D39D	C=BG + O=InfoNotary PLC + DC=root-ca + CN=InfoNotary CSP Root + OU=InfoNotary CSP Root + emailAddress=csp@infonotary.com
EAC0220C5C9FECC5121D3720872D06707B5266BE25D4EBB56AB804BBBF85FE03	C=CH, O=admin, OU=Services, OU=Certification Authorities, CN=AdminCA-CD-T01
EAFFAC50C7E3E15A68F779A5E70EC2F5E9FC4A03FF69AB337B4D6C4510432395	C=DE, O=Amazon, CN=Amazon RSA 2048 Root EU M1
EB04CF5EB1F39AFA762F2BB120F296CBA520C1B97DB1589565B81CB9A17B7244	C=US, O=VeriSign, Inc., OU=VeriSign Trust Network, OU=(c) 1999 VeriSign, Inc. - For authorized use only, CN=VeriSign Class 3 Public Primary Certification Authority - G3
EB71D570FC733279E06CAF372BF04212ED2BCB9055906C070674A2C37602BEC7	C=US, ST=New York, L=New York, O=Certiphire, Inc., OU=Internet Authority, CN=Certiphire Root CA G3, generationQualifier=G2
EBF3C02A8789B1FB7D511995D663B72906D913CE0D5E10568A8A77E2586167E7	C=DE, O=TC TrustCenter GmbH, OU=TC TrustCenter Universal CA, CN=TC TrustCenter Universal CA I
EC6431BA9FC13E405DF80ADE58A048136F789A03FDCA4CF5DAA4336AC522225B	C=TR, ST=Kocaeli, O=TUBITAK Kamu Sertifikasyon Merkezi, CN=TUBITAK Kamu SM SSL Kok Sertifikasi - Surum 2
ECC3E9C3407503BEE091AA952F41348FF88BAA863B2264BEFAC807901574E939	emailAddress=pki@sk.ee, C=EE, O=AS Sertifitseerimiskeskus, CN=Juur-SK
ECDD47B5ACBFA328211E1BFF54ADEAC95E6991E3C1D50E27B527E903208040A1	C=US, ST=Washington, L=Redmond, O=Microsoft Corporation, CN=Microsoft RSA Root Certificate Authority 2017
ED12A6E9289239D66CA1D244CE90C623AC305AD05602DA352BCFC5FEF2C4458D	C=PL, O=Asseco Data Systems S.A., CN=Certum TLS RSA Root CA
ED86D80292B867243A855A3390A5034D003403BD4108CF160EB6956D874EAA6E	CN=Entidade de Certificacao Raiz da SISP 02, OU=SISP-Sociedade Interbancaria e Sistemas de Pagamentos, O=SISP, C=CV
EE04DF77F179176B6B879E9D6B78C0E20C6BECA8379B0234735FA501CAD2F0BD	C=PL, O=Asseco Data Systems S.A., CN=Certum Document Signing RSA Root CA
EE0EC4A0B5E6ECB865F49689B50E3DE38D4FD924A4041C0C2A62636DB0B6B31D	C=CA, O=Carillon Information Security Inc., OU=Certification Authorities, CN=Carillon PKI Services G2 Root CA 1
EEFCA888DB442CEA1F03FAC5DE5B1AF210AE03F5E1658DDB880C645E78624546	C=ES, ST=Madrid, L=Madrid, O=IPS Certification Authority s.l. ipsCA, OU=ipsCA, CN=ipsCA Main CA Root, emailAddress=main01@ipsca.com
EF3CB417FC8EBF6F97876C9E4ECE39DE1EA5FE649141D1028B7D11C0B2298CED	C=EU, O=AC Camerfirma SA CIF A82743287, OU=http://www.chambersign.org, CN=Global Chambersign Root
EFB5157E9C66CAA1DCC63C9FAC0127CDE83B7A426C4579B7B43A41BA46A56DEB	C=DE, O=DATEV eG, CN=CA DATEV INT 01
EFBC467B26B26AF613FF4A5DC7BDBBD35D5EE826D1E8BDD69B5484AD903A12D2	C=BR, O=Certisign Certificadora Digital S.A., CN=CERTISIGN ROOT CERTIFICATION AUTHORITY
F00355EEF101C7DF4E46CCE6417DFFCE3DB82DBB1369C3B439C4E33BEE445C42	C=BE, O=Certipost s.a./n.v., CN=Certipost E-Trust Primary Normalised CA
F008733EC500DC498763CC9264C6FCEA40EC22000E927D053CE9C90BFA046CB2	C=FI, ST=Finland, O=Vaestorekisterikeskus CA, OU=Certification Authority Services, OU=Varmennepalvelut, CN=VRK Gov. Root CA
F09B122C7114F4A09BD4EA4F4A99D558B46E4C25CD81140D29C05613914C3841	C=ch, O=Swisscom, OU=Digital Certificate Services, CN=Swisscom Root CA 2
F0B0AEF3CE2293C2891A70839BEEE98903FCE39649ED04BB7BF1DD2FB25D23D4	C=PL, O=Krajowa Izba Rozliczeniowa S.A., CN=SZAFIR ROOT CA4 SMIME
F0B6883DDEEDF22E674555F98F638738E0CCE44519FBC97FFA8C8C9F7E1DED5B	C=US, ST=MN, L=Minneapolis, O=Open Access Technology International Inc, CN=webCARES Root CA 2018
F0F255ADA2A643C0A1E7C8F54F3ED3DD25EF0E7378E76F7C127517ECFD952803	C=CN, O=UniTrust, CN=UniTrust Global SMIME RSA Root CA R1
F1AA0EC662705BB297B437F67EA9E4650EC5BC5E956757AA7F04D7D9945471E3	C=ES, ST=VALENCIA, L=BURJASSOT, O=ISTEC, organizationIdentifier=VATES-A40573396, CN=ACCV ROOT ECC EIDAS 2023
F1B13F5C9A326403B0F31BBE7699CD17C7D1C0B981586DD1A7B219C52508FE99	C=LT, O=Skaitmeninio sertifikavimo centras, OU=Certification Authority, CN=SSC Root CA A
F1B7C8A8F447B395786E325AF0A7571203F3812400FF1905FCA7726B858FC44A	C=IT, O=Actalis S.p.A., CN=Actalis SMIME RSA Root CA 2025
F1F3CC207A6D47947B8CB9C30422229DE0D71FB867E0B9A3EDA08E0E1736BC28	C=ES, ST=BARCELONA, L=BARCELONA, O=IPS Seguridad CA, OU=Certificaciones, CN=IPS SERVIDORES, emailAddress=ips@mail.ips.es
F28630BABF256E567B5821069FCF13148AB9A23E28FC0D70615AAE6ED284F4C8	C=AT, O=A-Trust Ges. f. Sicherheitssysteme im elektr. Datenverkehr GmbH, OU=A-Trust-Qual-02, CN=A-Trust-Qual-02
F2EDAAFF3D9B701FB4D14C9F285F8C0BAD90FC3BCC1FA07D47F4718EDABA34A5	C=IN, O=eMudhra Technologies Limited, CN=emSign Root CS CA - G3
F375E2F77A108BACC4234894A9AF308EDECA1ACD8FBDE0E7AAA9634E9DAF7E1C	C=IN, O=India PKI, CN=CCA India 2007
F38406E540D7A9D90CB4A9479299640FFB6DF9E224ECC7A01C0D9558D8DAD77D	OU=Copyright (c) 1997 Microsoft Corp., OU=Microsoft Corporation, CN=Microsoft Root Authority
F38AB64B30C0D900B7212A793651B87F287C575224007F3B8851618FD5B48DEB	C=CN, O=TrustAsia Technologies, Inc., CN=TrustAsia CS RSA Root CA
F4336BC2AC75950BECCF1C1F2F9DA6DDDAFD1F41161CA71F59C76889BD474033	C=ES, O=Agencia Notarial de Certificacion S.L.U. - CIF B83395988, CN=ANCERT Certificados CGN V2
F4C149551A3013A35BC7BFFE17A7F3449BC1AB5B5A0AE74B06C23B90004C0104	L=ValiCert Validation Network, O=ValiCert, Inc., OU=ValiCert Class 1 Policy Validation Authority, CN=http://www.valicert.com/, emailAddress=info@valicert.com
F657A633EEB9BC5D15A461751749EA4B316727DCF1A9F986B5458445F6485DDE	C=SE, O=Swedish Social Insurance Agency, CN=Swedish Government Root Authority v1
F76A0D440C418DC5B362BE8E11E0A5D06023F4396093E4F455827BF55153D8A4	C=IN, O=eMudhra Technologies Limited, CN=emSign Root SMIME CA - G3
F773BC65659F1BC59087BF214EEAD864010D5887CD2CD84E4F1BA7523FE55640	C=UY, O=ADMINISTRACION NACIONAL DE CORREOS, OU=SERVICIOS ELECTRONICOS, CN=SERVICIOS DE CERTIFICACION - A.N.C., mail=correo_cert@correo.com.uy
F86973BDD0514735E10C1190D0345BF89C77E1C4ADBD3F65963B803FD3C9E1FF	C=BE, O=GlobalSign nv-sa, CN=GlobalSign Document Signing Root E45
F94A0FF48DA02D6224911F61207968D8EC66C0E496BD028D794D310F32F72570	C=CN, O=BEIJING CERTIFICATE AUTHORITY, CN=BJCA Global Root CA5 G2
F96F23F4C3E79C077A46988D5AF5900676A0F039CB645DD17549B216C82440CE	C=SK, L=Bratislava, O=Disig a.s., CN=CA Disig Root R1
F9E3CDA8FB34530A54768F45279CE0C80B58D141E2579D185C88C1D2CA700612	C=US, OU=WellsSecure Trusted Identity Service CP located at: https://www.wellsfargo.com/cps, OU=Wells Fargo Bank NA, O=Wells Fargo WellsSecure, CN=WellsSecure Public Root Certifcate Authority
FABCF5197CDD7F458AC33832D3284021DB2425FD6BEA7A2E69B7486E8F51F9CC	C=PL, O=Krajowa Izba Rozliczeniowa S.A., CN=SZAFIR ROOT CA
FAE547F389763148404D9D88162A434E92C495AA60D2A80FF91B19089107E439	L=Internet, O=VeriSign, Inc., OU=VeriSign Commercial Software Publishers CA
FAF78B73D93E50021C0C25F4D20B8E08F7F42C272A2792488A1C29372149C5CF	C=US, O=VeriSign, Inc., OU=VeriSign Trust Network, OU=(c) 1999 VeriSign, Inc. - For authorized use only, CN=VeriSign Class 3 Public Primary Certification Authority - G3
FB47D92A9909FD4FA9BEC02737543E1F3514CED747407A8D9CFA397B0915067C	C=BR, O=ICP-Brasil, OU=Instituto Nacional de Tecnologia da Informacao - ITI, CN=Autoridade Certificadora Raiz Brasileira v2
FB5E8F06B0EA841B3D03490AD77ACD16ACC806D01A0BB7491B37BDED06A2A37E	CN=TesteSispRootCA02
FC23DDFB7AA505D605B2F492FA1587E3738A074A17C0CF06FADFC725650FA42A	C=ES, O=FNMT-RCM, CN=AC RAIZ FNMT-RCM SERVIDORES SEGUROS G2R
FC50B26BDC4A8FDF1344CC80157AE13AC671E2706FACFC0605FE34E249EB72D6	C=SE, O=Inera AB, CN=SITHS Root CA v1
FCBFE2886206F72B27593C8B070297E12D769ED10ED7930705A8098EFFC14D17	C=FR, O=Certinomis, OU=0002 433998903, CN=Certinomis - Autorité Racine
FD7CCA48B745213470F503EC6E969C447FC12D4DD5AA2A7CC6C3D5ABBD962B33	C=ZA, ST=Western Cape, L=Somerset West, O=South African Post Office Limited, OU=SAPO Trust Centre, CN=SAPO Class 2 Root CA, emailAddress=pkiadmin@trustcentre.co.za
FDB2C428AC393FD61B386497E0CC6652D71F35F6683C8E0AD0E754CF8F133D2A	C=US, O=Starfield Technologies, Inc., CN=Starfield Root Certificate Authority - G6
FE7114D07A147759891FF37B4F53EB43568296BC3BF89BC12CAFB186985EF28D	C=SI, O=Halcom, CN=Halcom CA PO 2
FE7EABC63C12633F87600E46B4B5A8769382DC63BB35F513F3048B6FD430F5B9	C=HU, L=Budapest, O=Microsec Ltd., CN=e-Szigno RSA Client Root CA 2026
FE863D0822FE7A2353FA484D5924E875656D3DC9FB58771F6F616F9D571BC592	C=US, O=Symantec Corporation, OU=Symantec Trust Network, CN=Symantec Class 2 Public Primary Certification Authority - G4
FEA1884AB3AEA6D0DBEDBE4B9CD9FEC8655116300A86A856488FC488BB4B44D2	C=US, ST=Washington, L=Redmond, O=Microsoft Corporation, CN=Microsoft ECC Root Certificate Authority 2017
FF856A2D251DCD88D36656F450126798CFABAADE40799C722DE4D2B5DB36A73A	C=US, O=GeoTrust Inc., CN=GeoTrust Global CA
FFB85C26308A961351249EA641F659D49F639E91DAED9C92D046CCDCECC93D2F	C=CN, O=China Financial Certification Authority, CN=CFCA Identity CA
FFCEF2224E29B0B36EC8314E686822F3AC0F1C5E0C2D5C0EB2484CE7E2540FD0	C=BR, O=Serasa S.A., OU=Serasa CA II, CN=Serasa Certificate Authority II
FFE943D793424B4F7C440C1C3D648D5363F34B82DC87AA7A9F118FC5DEE101F1	C=US, O=CommScope, CN=CommScope Public Trust RSA Root-02
